Scripts/Originais/GBA/CyberbestaGregar/02219C.tpl,Scripts/Originais/GBA/CyberbestaFalzar/02219C.tpl,56
Scripts/Originais/GBA/CyberbestaGregar/6FB7B4.tpl,Scripts/Originais/GBA/CyberbestaFalzar/6FD848.tpl,2711
Scripts/Originais/GBA/CyberbestaGregar/7102A8.tpl,Scripts/Originais/GBA/CyberbestaFalzar/712348.tpl,1062
Scripts/Originais/GBA/CyberbestaGregar/710CA4.tpl,Scripts/Originais/GBA/CyberbestaFalzar/712D44.tpl,1097
Scripts/Originais/GBA/CyberbestaGregar/710D18.tpl,Scripts/Originais/GBA/CyberbestaFalzar/712DB8.tpl,1205
Scripts/Originais/GBA/CyberbestaGregar/75DD1C.tpl,Scripts/Originais/GBA/CyberbestaFalzar/75FDE8.tpl,30819
Scripts/Originais/GBA/CyberbestaGregar/760544.tpl,Scripts/Originais/GBA/CyberbestaFalzar/762610.tpl,84
Scripts/Originais/GBA/CyberbestaGregar/760544.tpl,Scripts/Originais/GBA/CyberbestaFalzar/76262C.tpl,84
Scripts/Originais/GBA/CyberbestaGregar/760560.tpl,Scripts/Originais/GBA/CyberbestaFalzar/762610.tpl,84
Scripts/Originais/GBA/CyberbestaGregar/760560.tpl,Scripts/Originais/GBA/CyberbestaFalzar/76262C.tpl,84
Scripts/Originais/GBA/CyberbestaGregar/7A8870.tpl,Scripts/Originais/GBA/CyberbestaFalzar/87ED34.tpl,219
Scripts/Originais/GBA/CyberbestaGregar/7F706C.tpl,Scripts/Originais/GBA/CyberbestaFalzar/7F80E4.tpl,1326
Scripts/Originais/GBA/CyberbestaGregar/82AEDC.tpl,Scripts/Originais/GBA/CyberbestaFalzar/7FF5C0.tpl,10699
Scripts/Originais/GBA/CyberbestaGregar/82BE74.tpl,Scripts/Originais/GBA/CyberbestaFalzar/800570.tpl,42701
Scripts/Originais/GBA/CyberbestaGregar/82F4D8.tpl,Scripts/Originais/GBA/CyberbestaFalzar/8050FC.tpl,9701
Scripts/Originais/GBA/CyberbestaGregar/82FDD8.tpl,Scripts/Originais/GBA/CyberbestaFalzar/8059FC.tpl,6681
Scripts/Originais/GBA/CyberbestaGregar/830D70.tpl,Scripts/Originais/GBA/CyberbestaFalzar/806000.tpl,6454
Scripts/Originais/GBA/CyberbestaGregar/832934.tpl,Scripts/Originais/GBA/CyberbestaFalzar/8C3008.tpl,3706
Scripts/Originais/GBA/CyberbestaGregar/832DE4.tpl,Scripts/Originais/GBA/CyberbestaFalzar/807E2C.tpl,13595
Scripts/Originais/GBA/CyberbestaGregar/8336D8.tpl,Scripts/Originais/GBA/CyberbestaFalzar/806820.tpl,3981
Scripts/Originais/GBA/CyberbestaGregar/833B28.tpl,Scripts/Originais/GBA/CyberbestaFalzar/761448.tpl,25442
Scripts/Originais/GBA/CyberbestaGregar/83472C.tpl,Scripts/Originais/GBA/CyberbestaFalzar/807874.tpl,2962
Scripts/Originais/GBA/CyberbestaGregar/8349A4.tpl,Scripts/Originais/GBA/CyberbestaFalzar/7621CC.tpl,5438
Scripts/Originais/GBA/CyberbestaGregar/834CE4.tpl,Scripts/Originais/GBA/CyberbestaFalzar/808720.tpl,371
Scripts/Originais/GBA/CyberbestaGregar/834D40.tpl,Scripts/Originais/GBA/CyberbestaFalzar/808900.tpl,2677
Scripts/Originais/GBA/CyberbestaGregar/834E58.tpl,Scripts/Originais/GBA/CyberbestaFalzar/808A18.tpl,2581
Scripts/Originais/GBA/CyberbestaGregar/834F54.tpl,Scripts/Originais/GBA/CyberbestaFalzar/808B14.tpl,1986
Scripts/Originais/GBA/CyberbestaGregar/8350B8.tpl,Scripts/Originais/GBA/CyberbestaFalzar/808C78.tpl,1840
Scripts/Originais/GBA/CyberbestaGregar/835570.tpl,Scripts/Originais/GBA/CyberbestaFalzar/81A7E8.tpl,26871
Scripts/Originais/GBA/CyberbestaGregar/83654C.tpl,Scripts/Originais/GBA/CyberbestaFalzar/80BD6C.tpl,7363
Scripts/Originais/GBA/CyberbestaGregar/836B90.tpl,Scripts/Originais/GBA/CyberbestaFalzar/80C3B0.tpl,8487
Scripts/Originais/GBA/CyberbestaGregar/837348.tpl,Scripts/Originais/GBA/CyberbestaFalzar/80CB68.tpl,970
Scripts/Originais/GBA/CyberbestaGregar/8374A8.tpl,Scripts/Originais/GBA/CyberbestaFalzar/80D168.tpl,1790
Scripts/Originais/GBA/CyberbestaGregar/837630.tpl,Scripts/Originais/GBA/CyberbestaFalzar/80D2F0.tpl,1437
Scripts/Originais/GBA/CyberbestaGregar/837798.tpl,Scripts/Originais/GBA/CyberbestaFalzar/80D458.tpl,264
Scripts/Originais/GBA/CyberbestaGregar/8377D8.tpl,Scripts/Originais/GBA/CyberbestaFalzar/80D498.tpl,288
Scripts/Originais/GBA/CyberbestaGregar/8377D8.tpl,Scripts/Originais/GBA/CyberbestaFalzar/80D530.tpl,288
Scripts/Originais/GBA/CyberbestaGregar/8377D8.tpl,Scripts/Originais/GBA/CyberbestaFalzar/80D638.tpl,288
Scripts/Originais/GBA/CyberbestaGregar/837824.tpl,Scripts/Originais/GBA/CyberbestaFalzar/80D4E4.tpl,284
Scripts/Originais/GBA/CyberbestaGregar/837870.tpl,Scripts/Originais/GBA/CyberbestaFalzar/80D57C.tpl,936
Scripts/Originais/GBA/CyberbestaGregar/83792C.tpl,Scripts/Originais/GBA/CyberbestaFalzar/80D684.tpl,2064
Scripts/Originais/GBA/CyberbestaGregar/837ADC.tpl,Scripts/Originais/GBA/CyberbestaFalzar/80D834.tpl,6746
Scripts/Originais/GBA/CyberbestaGregar/8384E4.tpl,Scripts/Originais/GBA/CyberbestaFalzar/80E23C.tpl,4662
Scripts/Originais/GBA/CyberbestaGregar/838BD8.tpl,Scripts/Originais/GBA/CyberbestaFalzar/80E930.tpl,3557
Scripts/Originais/GBA/CyberbestaGregar/83A9C8.tpl,Scripts/Originais/GBA/CyberbestaFalzar/811DE8.tpl,7041
Scripts/Originais/GBA/CyberbestaGregar/83B0C0.tpl,Scripts/Originais/GBA/CyberbestaFalzar/8124E0.tpl,32958
Scripts/Originais/GBA/CyberbestaGregar/83B58C.tpl,Scripts/Originais/GBA/CyberbestaFalzar/8129AC.tpl,386
Scripts/Originais/GBA/CyberbestaGregar/83B5E4.tpl,Scripts/Originais/GBA/CyberbestaFalzar/812A04.tpl,316
Scripts/Originais/GBA/CyberbestaGregar/83B638.tpl,Scripts/Originais/GBA/CyberbestaFalzar/812A58.tpl,7570
Scripts/Originais/GBA/CyberbestaGregar/83B95C.tpl,Scripts/Originais/GBA/CyberbestaFalzar/812D7C.tpl,6383
Scripts/Originais/GBA/CyberbestaGregar/83BC60.tpl,Scripts/Originais/GBA/CyberbestaFalzar/90D918.tpl,5223
Scripts/Originais/GBA/CyberbestaGregar/83C0E0.tpl,Scripts/Originais/GBA/CyberbestaFalzar/813514.tpl,9081
Scripts/Originais/GBA/CyberbestaGregar/83C740.tpl,Scripts/Originais/GBA/CyberbestaFalzar/90DDA0.tpl,2229
Scripts/Originais/GBA/CyberbestaGregar/83C7E4.tpl,Scripts/Originais/GBA/CyberbestaFalzar/813F9C.tpl,4245
Scripts/Originais/GBA/CyberbestaGregar/83C924.tpl,Scripts/Originais/GBA/CyberbestaFalzar/8140DC.tpl,10116
Scripts/Originais/GBA/CyberbestaGregar/83D70C.tpl,Scripts/Originais/GBA/CyberbestaFalzar/814EC4.tpl,2272
Scripts/Originais/GBA/CyberbestaGregar/83D954.tpl,Scripts/Originais/GBA/CyberbestaFalzar/6F822C.tpl,291
Scripts/Originais/GBA/CyberbestaGregar/83D9A0.tpl,Scripts/Originais/GBA/CyberbestaFalzar/6F8278.tpl,6954
Scripts/Originais/GBA/CyberbestaGregar/83DDEC.tpl,Scripts/Originais/GBA/CyberbestaFalzar/8F3670.tpl,12917
Scripts/Originais/GBA/CyberbestaGregar/83F3C4.tpl,Scripts/Originais/GBA/CyberbestaFalzar/90DE44.tpl,12425
Scripts/Originais/GBA/CyberbestaGregar/83F868.tpl,Scripts/Originais/GBA/CyberbestaFalzar/88BA94.tpl,3305
Scripts/Originais/GBA/CyberbestaGregar/83F92C.tpl,Scripts/Originais/GBA/CyberbestaFalzar/88BB58.tpl,2927
Scripts/Originais/GBA/CyberbestaGregar/83F9C8.tpl,Scripts/Originais/GBA/CyberbestaFalzar/816A70.tpl,16381
Scripts/Originais/GBA/CyberbestaGregar/842468.tpl,Scripts/Originais/GBA/CyberbestaFalzar/817BC0.tpl,56291
Scripts/Originais/GBA/CyberbestaGregar/844FA8.tpl,Scripts/Originais/GBA/CyberbestaFalzar/81A704.tpl,1338
Scripts/Originais/GBA/CyberbestaGregar/84508C.tpl,Scripts/Originais/GBA/CyberbestaFalzar/846A74.tpl,1148
Scripts/Originais/GBA/CyberbestaGregar/84515C.tpl,Scripts/Originais/GBA/CyberbestaFalzar/81B7C4.tpl,3829
Scripts/Originais/GBA/CyberbestaGregar/845458.tpl,Scripts/Originais/GBA/CyberbestaFalzar/81BAC0.tpl,15472
Scripts/Originais/GBA/CyberbestaGregar/845BE4.tpl,Scripts/Originais/GBA/CyberbestaFalzar/81C24C.tpl,6197
Scripts/Originais/GBA/CyberbestaGregar/846098.tpl,Scripts/Originais/GBA/CyberbestaFalzar/81C700.tpl,1182
Scripts/Originais/GBA/CyberbestaGregar/846130.tpl,Scripts/Originais/GBA/CyberbestaFalzar/81C798.tpl,3441
Scripts/Originais/GBA/CyberbestaGregar/8462E4.tpl,Scripts/Originais/GBA/CyberbestaFalzar/81C94C.tpl,10987
Scripts/Originais/GBA/CyberbestaGregar/847474.tpl,Scripts/Originais/GBA/CyberbestaFalzar/81DAE8.tpl,2710
Scripts/Originais/GBA/CyberbestaGregar/8476FC.tpl,Scripts/Originais/GBA/CyberbestaFalzar/81DD70.tpl,29745
Scripts/Originais/GBA/CyberbestaGregar/848EEC.tpl,Scripts/Originais/GBA/CyberbestaFalzar/81F560.tpl,2710
Scripts/Originais/GBA/CyberbestaGregar/849144.tpl,Scripts/Originais/GBA/CyberbestaFalzar/81F7B8.tpl,22461
Scripts/Originais/GBA/CyberbestaGregar/84A354.tpl,Scripts/Originais/GBA/CyberbestaFalzar/8209C8.tpl,2718
Scripts/Originais/GBA/CyberbestaGregar/84A5C0.tpl,Scripts/Originais/GBA/CyberbestaFalzar/820C34.tpl,21940
Scripts/Originais/GBA/CyberbestaGregar/84B684.tpl,Scripts/Originais/GBA/CyberbestaFalzar/821CF8.tpl,2710
Scripts/Originais/GBA/CyberbestaGregar/84B9A8.tpl,Scripts/Originais/GBA/CyberbestaFalzar/82201C.tpl,22910
Scripts/Originais/GBA/CyberbestaGregar/84CB00.tpl,Scripts/Originais/GBA/CyberbestaFalzar/823174.tpl,2710
Scripts/Originais/GBA/CyberbestaGregar/84CE0C.tpl,Scripts/Originais/GBA/CyberbestaFalzar/823480.tpl,20979
Scripts/Originais/GBA/CyberbestaGregar/84DD78.tpl,Scripts/Originais/GBA/CyberbestaFalzar/8243EC.tpl,3631
Scripts/Originais/GBA/CyberbestaGregar/84DEBC.tpl,Scripts/Originais/GBA/CyberbestaFalzar/824530.tpl,2427
Scripts/Originais/GBA/CyberbestaGregar/84E17C.tpl,Scripts/Originais/GBA/CyberbestaFalzar/8247F0.tpl,29688
Scripts/Originais/GBA/CyberbestaGregar/84F170.tpl,Scripts/Originais/GBA/CyberbestaFalzar/8257E4.tpl,7538
Scripts/Originais/GBA/CyberbestaGregar/84F3C8.tpl,Scripts/Originais/GBA/CyberbestaFalzar/825A3C.tpl,8653
Scripts/Originais/GBA/CyberbestaGregar/84F61C.tpl,Scripts/Originais/GBA/CyberbestaFalzar/825C90.tpl,9024
Scripts/Originais/GBA/CyberbestaGregar/84F8A0.tpl,Scripts/Originais/GBA/CyberbestaFalzar/825F14.tpl,8594
Scripts/Originais/GBA/CyberbestaGregar/84FAF4.tpl,Scripts/Originais/GBA/CyberbestaFalzar/826168.tpl,8656
Scripts/Originais/GBA/CyberbestaGregar/84FD3C.tpl,Scripts/Originais/GBA/CyberbestaFalzar/8263B0.tpl,8674
Scripts/Originais/GBA/CyberbestaGregar/84FF84.tpl,Scripts/Originais/GBA/CyberbestaFalzar/8265F8.tpl,8623
Scripts/Originais/GBA/CyberbestaGregar/8501D0.tpl,Scripts/Originais/GBA/CyberbestaFalzar/826844.tpl,9018
Scripts/Originais/GBA/CyberbestaGregar/850438.tpl,Scripts/Originais/GBA/CyberbestaFalzar/826AAC.tpl,9113
Scripts/Originais/GBA/CyberbestaGregar/8506BC.tpl,Scripts/Originais/GBA/CyberbestaFalzar/826D30.tpl,11589
Scripts/Originais/GBA/CyberbestaGregar/855D64.tpl,Scripts/Originais/GBA/CyberbestaFalzar/81D118.tpl,15087
Scripts/Originais/GBA/CyberbestaGregar/85672C.tpl,Scripts/Originais/GBA/CyberbestaFalzar/802D84.tpl,25385
Scripts/Originais/GBA/CyberbestaGregar/858B40.tpl,Scripts/Originais/GBA/CyberbestaFalzar/827198.tpl,5002
Scripts/Originais/GBA/CyberbestaGregar/858F28.tpl,Scripts/Originais/GBA/CyberbestaFalzar/827580.tpl,6588
Scripts/Originais/GBA/CyberbestaGregar/859400.tpl,Scripts/Originais/GBA/CyberbestaFalzar/827A58.tpl,7491
Scripts/Originais/GBA/CyberbestaGregar/859F14.tpl,Scripts/Originais/GBA/CyberbestaFalzar/82856C.tpl,8595
Scripts/Originais/GBA/CyberbestaGregar/85A46C.tpl,Scripts/Originais/GBA/CyberbestaFalzar/828AC4.tpl,7087
Scripts/Originais/GBA/CyberbestaGregar/85A988.tpl,Scripts/Originais/GBA/CyberbestaFalzar/828FE0.tpl,9065
Scripts/Originais/GBA/CyberbestaGregar/85B7FC.tpl,Scripts/Originais/GBA/CyberbestaFalzar/829E54.tpl,9920
Scripts/Originais/GBA/CyberbestaGregar/85BE10.tpl,Scripts/Originais/GBA/CyberbestaFalzar/82A468.tpl,8134
Scripts/Originais/GBA/CyberbestaGregar/85C3CC.tpl,Scripts/Originais/GBA/CyberbestaFalzar/82AA24.tpl,6470
Scripts/Originais/GBA/CyberbestaGregar/85CEB4.tpl,Scripts/Originais/GBA/CyberbestaFalzar/82B50C.tpl,10381
Scripts/Originais/GBA/CyberbestaGregar/85D4D0.tpl,Scripts/Originais/GBA/CyberbestaFalzar/82BB28.tpl,8258
Scripts/Originais/GBA/CyberbestaGregar/85DA64.tpl,Scripts/Originais/GBA/CyberbestaFalzar/82C0BC.tpl,8717
Scripts/Originais/GBA/CyberbestaGregar/85DFC0.tpl,Scripts/Originais/GBA/CyberbestaFalzar/82C618.tpl,10821
Scripts/Originais/GBA/CyberbestaGregar/85E630.tpl,Scripts/Originais/GBA/CyberbestaFalzar/82CC88.tpl,8651
Scripts/Originais/GBA/CyberbestaGregar/85EBF8.tpl,Scripts/Originais/GBA/CyberbestaFalzar/82D250.tpl,12508
Scripts/Originais/GBA/CyberbestaGregar/85F344.tpl,Scripts/Originais/GBA/CyberbestaFalzar/82D99C.tpl,8275
Scripts/Originais/GBA/CyberbestaGregar/85F8E4.tpl,Scripts/Originais/GBA/CyberbestaFalzar/82DF3C.tpl,4769
Scripts/Originais/GBA/CyberbestaGregar/85FC98.tpl,Scripts/Originais/GBA/CyberbestaFalzar/82E2F0.tpl,1172
Scripts/Originais/GBA/CyberbestaGregar/85FDC8.tpl,Scripts/Originais/GBA/CyberbestaFalzar/82E84C.tpl,1429
Scripts/Originais/GBA/CyberbestaGregar/85FEEC.tpl,Scripts/Originais/GBA/CyberbestaFalzar/82E544.tpl,451
Scripts/Originais/GBA/CyberbestaGregar/8601F0.tpl,Scripts/Originais/GBA/CyberbestaFalzar/82E970.tpl,3565
Scripts/Originais/GBA/CyberbestaGregar/8604BC.tpl,Scripts/Originais/GBA/CyberbestaFalzar/82EC3C.tpl,353
Scripts/Originais/GBA/CyberbestaGregar/86052C.tpl,Scripts/Originais/GBA/CyberbestaFalzar/82ECAC.tpl,450
Scripts/Originais/GBA/CyberbestaGregar/86082C.tpl,Scripts/Originais/GBA/CyberbestaFalzar/82EFB0.tpl,1763
Scripts/Originais/GBA/CyberbestaGregar/860930.tpl,Scripts/Originais/GBA/CyberbestaFalzar/82F0B4.tpl,451
Scripts/Originais/GBA/CyberbestaGregar/860C34.tpl,Scripts/Originais/GBA/CyberbestaFalzar/82F3BC.tpl,698
Scripts/Originais/GBA/CyberbestaGregar/8612EC.tpl,Scripts/Originais/GBA/CyberbestaFalzar/82FA7C.tpl,8803
Scripts/Originais/GBA/CyberbestaGregar/86300C.tpl,Scripts/Originais/GBA/CyberbestaFalzar/8317A0.tpl,12827
Scripts/Originais/GBA/CyberbestaGregar/865370.tpl,Scripts/Originais/GBA/CyberbestaFalzar/833B0C.tpl,6182
Scripts/Originais/GBA/CyberbestaGregar/867244.tpl,Scripts/Originais/GBA/CyberbestaFalzar/8359E8.tpl,9417
Scripts/Originais/GBA/CyberbestaGregar/8690BC.tpl,Scripts/Originais/GBA/CyberbestaFalzar/837868.tpl,5758
Scripts/Originais/GBA/CyberbestaGregar/86E118.tpl,Scripts/Originais/GBA/CyberbestaFalzar/83C8E0.tpl,176
Scripts/Originais/GBA/CyberbestaGregar/86F2A0.tpl,Scripts/Originais/GBA/CyberbestaFalzar/83DA6C.tpl,488
Scripts/Originais/GBA/CyberbestaGregar/86F32C.tpl,Scripts/Originais/GBA/CyberbestaFalzar/83DAF8.tpl,490
Scripts/Originais/GBA/CyberbestaGregar/86F3D0.tpl,Scripts/Originais/GBA/CyberbestaFalzar/84AB0C.tpl,10334
Scripts/Originais/GBA/CyberbestaGregar/86FBFC.tpl,Scripts/Originais/GBA/CyberbestaFalzar/84B338.tpl,3507
Scripts/Originais/GBA/CyberbestaGregar/86FF04.tpl,Scripts/Originais/GBA/CyberbestaFalzar/84B640.tpl,14659
Scripts/Originais/GBA/CyberbestaGregar/870788.tpl,Scripts/Originais/GBA/CyberbestaFalzar/84BF00.tpl,14419
Scripts/Originais/GBA/CyberbestaGregar/871350.tpl,Scripts/Originais/GBA/CyberbestaFalzar/84CAC8.tpl,10680
Scripts/Originais/GBA/CyberbestaGregar/871C94.tpl,Scripts/Originais/GBA/CyberbestaFalzar/84D40C.tpl,17580
Scripts/Originais/GBA/CyberbestaGregar/872A58.tpl,Scripts/Originais/GBA/CyberbestaFalzar/84E1D0.tpl,6783
Scripts/Originais/GBA/CyberbestaGregar/872FA0.tpl,Scripts/Originais/GBA/CyberbestaFalzar/84E718.tpl,31914
Scripts/Originais/GBA/CyberbestaGregar/874450.tpl,Scripts/Originais/GBA/CyberbestaFalzar/84FBC8.tpl,4849
Scripts/Originais/GBA/CyberbestaGregar/8748FC.tpl,Scripts/Originais/GBA/CyberbestaFalzar/850074.tpl,8914
Scripts/Originais/GBA/CyberbestaGregar/8750CC.tpl,Scripts/Originais/GBA/CyberbestaFalzar/850844.tpl,1340
Scripts/Originais/GBA/CyberbestaGregar/875290.tpl,Scripts/Originais/GBA/CyberbestaFalzar/850A08.tpl,2424
Scripts/Originais/GBA/CyberbestaGregar/8754EC.tpl,Scripts/Originais/GBA/CyberbestaFalzar/850C64.tpl,616
Scripts/Originais/GBA/CyberbestaGregar/87557C.tpl,Scripts/Originais/GBA/CyberbestaFalzar/850D00.tpl,506
Scripts/Originais/GBA/CyberbestaGregar/8755FC.tpl,Scripts/Originais/GBA/CyberbestaFalzar/850D98.tpl,132
Scripts/Originais/GBA/CyberbestaGregar/87562C.tpl,Scripts/Originais/GBA/CyberbestaFalzar/850DC8.tpl,1189
Scripts/Originais/GBA/CyberbestaGregar/87573C.tpl,Scripts/Originais/GBA/CyberbestaFalzar/850EFC.tpl,858
Scripts/Originais/GBA/CyberbestaGregar/875810.tpl,Scripts/Originais/GBA/CyberbestaFalzar/850FDC.tpl,3313
Scripts/Originais/GBA/CyberbestaGregar/875C00.tpl,Scripts/Originais/GBA/CyberbestaFalzar/8513CC.tpl,2852
Scripts/Originais/GBA/CyberbestaGregar/875EF8.tpl,Scripts/Originais/GBA/CyberbestaFalzar/8516C4.tpl,1737
Scripts/Originais/GBA/CyberbestaGregar/876138.tpl,Scripts/Originais/GBA/CyberbestaFalzar/851904.tpl,15651
Scripts/Originais/GBA/CyberbestaGregar/876C60.tpl,Scripts/Originais/GBA/CyberbestaFalzar/85242C.tpl,1671
Scripts/Originais/GBA/CyberbestaGregar/876E20.tpl,Scripts/Originais/GBA/CyberbestaFalzar/8525EC.tpl,2903
Scripts/Originais/GBA/CyberbestaGregar/877128.tpl,Scripts/Originais/GBA/CyberbestaFalzar/8528F4.tpl,1825
Scripts/Originais/GBA/CyberbestaGregar/877348.tpl,Scripts/Originais/GBA/CyberbestaFalzar/852B14.tpl,1913
Scripts/Originais/GBA/CyberbestaGregar/8774FC.tpl,Scripts/Originais/GBA/CyberbestaFalzar/852CC8.tpl,3754
Scripts/Originais/GBA/CyberbestaGregar/8778D8.tpl,Scripts/Originais/GBA/CyberbestaFalzar/8530A4.tpl,1844
Scripts/Originais/GBA/CyberbestaGregar/877AE8.tpl,Scripts/Originais/GBA/CyberbestaFalzar/8532B4.tpl,1064
Scripts/Originais/GBA/CyberbestaGregar/877C60.tpl,Scripts/Originais/GBA/CyberbestaFalzar/85342C.tpl,1655
Scripts/Originais/GBA/CyberbestaGregar/877E2C.tpl,Scripts/Originais/GBA/CyberbestaFalzar/8535F8.tpl,7656
Scripts/Originais/GBA/CyberbestaGregar/878404.tpl,Scripts/Originais/GBA/CyberbestaFalzar/853BD0.tpl,1332
Scripts/Originais/GBA/CyberbestaGregar/8785BC.tpl,Scripts/Originais/GBA/CyberbestaFalzar/853D88.tpl,1259
Scripts/Originais/GBA/CyberbestaGregar/87876C.tpl,Scripts/Originais/GBA/CyberbestaFalzar/853F38.tpl,939
Scripts/Originais/GBA/CyberbestaGregar/87889C.tpl,Scripts/Originais/GBA/CyberbestaFalzar/854068.tpl,1069
Scripts/Originais/GBA/CyberbestaGregar/8789E4.tpl,Scripts/Originais/GBA/CyberbestaFalzar/8541B0.tpl,3270
Scripts/Originais/GBA/CyberbestaGregar/878CD8.tpl,Scripts/Originais/GBA/CyberbestaFalzar/8544A4.tpl,1868
Scripts/Originais/GBA/CyberbestaGregar/878EFC.tpl,Scripts/Originais/GBA/CyberbestaFalzar/8546C8.tpl,1378
Scripts/Originais/GBA/CyberbestaGregar/879010.tpl,Scripts/Originais/GBA/CyberbestaFalzar/8547DC.tpl,785
Scripts/Originais/GBA/CyberbestaGregar/879104.tpl,Scripts/Originais/GBA/CyberbestaFalzar/8548D0.tpl,473
Scripts/Originais/GBA/CyberbestaGregar/87919C.tpl,Scripts/Originais/GBA/CyberbestaFalzar/854968.tpl,3344
Scripts/Originais/GBA/CyberbestaGregar/879364.tpl,Scripts/Originais/GBA/CyberbestaFalzar/854B30.tpl,3742
Scripts/Originais/GBA/CyberbestaGregar/87970C.tpl,Scripts/Originais/GBA/CyberbestaFalzar/854ED8.tpl,2326
Scripts/Originais/GBA/CyberbestaGregar/8799F4.tpl,Scripts/Originais/GBA/CyberbestaFalzar/8551C0.tpl,1708
Scripts/Originais/GBA/CyberbestaGregar/879BFC.tpl,Scripts/Originais/GBA/CyberbestaFalzar/8553C8.tpl,729
Scripts/Originais/GBA/CyberbestaGregar/879CC8.tpl,Scripts/Originais/GBA/CyberbestaFalzar/855494.tpl,5104
Scripts/Originais/GBA/CyberbestaGregar/87A0BC.tpl,Scripts/Originais/GBA/CyberbestaFalzar/855888.tpl,1054
Scripts/Originais/GBA/CyberbestaGregar/87A21C.tpl,Scripts/Originais/GBA/CyberbestaFalzar/8559E8.tpl,315
Scripts/Originais/GBA/CyberbestaGregar/87A2C0.tpl,Scripts/Originais/GBA/CyberbestaFalzar/855A8C.tpl,810
Scripts/Originais/GBA/CyberbestaGregar/87A3F8.tpl,Scripts/Originais/GBA/CyberbestaFalzar/855BC4.tpl,571
Scripts/Originais/GBA/CyberbestaGregar/87A484.tpl,Scripts/Originais/GBA/CyberbestaFalzar/855C50.tpl,10107
Scripts/Originais/GBA/CyberbestaGregar/87A9E0.tpl,Scripts/Originais/GBA/CyberbestaFalzar/8561B4.tpl,4160
Scripts/Originais/GBA/CyberbestaGregar/87AE68.tpl,Scripts/Originais/GBA/CyberbestaFalzar/85663C.tpl,5416
Scripts/Originais/GBA/CyberbestaGregar/87B360.tpl,Scripts/Originais/GBA/CyberbestaFalzar/856B34.tpl,5240
Scripts/Originais/GBA/CyberbestaGregar/87B8AC.tpl,Scripts/Originais/GBA/CyberbestaFalzar/857080.tpl,868
Scripts/Originais/GBA/CyberbestaGregar/87B9A8.tpl,Scripts/Originais/GBA/CyberbestaFalzar/85717C.tpl,3548
Scripts/Originais/GBA/CyberbestaGregar/87BC00.tpl,Scripts/Originais/GBA/CyberbestaFalzar/8573D4.tpl,8043
Scripts/Originais/GBA/CyberbestaGregar/87C368.tpl,Scripts/Originais/GBA/CyberbestaFalzar/857B3C.tpl,1245
Scripts/Originais/GBA/CyberbestaGregar/87C548.tpl,Scripts/Originais/GBA/CyberbestaFalzar/857D1C.tpl,2811
Scripts/Originais/GBA/CyberbestaGregar/87C89C.tpl,Scripts/Originais/GBA/CyberbestaFalzar/858070.tpl,1341
Scripts/Originais/GBA/CyberbestaGregar/87CA3C.tpl,Scripts/Originais/GBA/CyberbestaFalzar/858210.tpl,4095
Scripts/Originais/GBA/CyberbestaGregar/87CDD8.tpl,Scripts/Originais/GBA/CyberbestaFalzar/8585B8.tpl,132
Scripts/Originais/GBA/CyberbestaGregar/87CE0C.tpl,Scripts/Originais/GBA/CyberbestaFalzar/8585EC.tpl,162
Scripts/Originais/GBA/CyberbestaGregar/87DB40.tpl,Scripts/Originais/GBA/CyberbestaFalzar/859330.tpl,21468
Scripts/Originais/GBA/CyberbestaGregar/87E4E4.tpl,Scripts/Originais/GBA/CyberbestaFalzar/859CD4.tpl,8386
Scripts/Originais/GBA/CyberbestaGregar/87EBD8.tpl,Scripts/Originais/GBA/CyberbestaFalzar/85A3C8.tpl,7005
Scripts/Originais/GBA/CyberbestaGregar/87F2A0.tpl,Scripts/Originais/GBA/CyberbestaFalzar/85AA90.tpl,11309
Scripts/Originais/GBA/CyberbestaGregar/87FCDC.tpl,Scripts/Originais/GBA/CyberbestaFalzar/85B4CC.tpl,3880
Scripts/Originais/GBA/CyberbestaGregar/8800A0.tpl,Scripts/Originais/GBA/CyberbestaFalzar/85B890.tpl,14251
Scripts/Originais/GBA/CyberbestaGregar/880AB8.tpl,Scripts/Originais/GBA/CyberbestaFalzar/85C2A8.tpl,2608
Scripts/Originais/GBA/CyberbestaGregar/880D78.tpl,Scripts/Originais/GBA/CyberbestaFalzar/85C568.tpl,4720
Scripts/Originais/GBA/CyberbestaGregar/8811EC.tpl,Scripts/Originais/GBA/CyberbestaFalzar/85C9DC.tpl,4331
Scripts/Originais/GBA/CyberbestaGregar/8816D0.tpl,Scripts/Originais/GBA/CyberbestaFalzar/85CEC0.tpl,2204
Scripts/Originais/GBA/CyberbestaGregar/881970.tpl,Scripts/Originais/GBA/CyberbestaFalzar/85D160.tpl,20002
Scripts/Originais/GBA/CyberbestaGregar/882590.tpl,Scripts/Originais/GBA/CyberbestaFalzar/85DD80.tpl,1986
Scripts/Originais/GBA/CyberbestaGregar/8827C0.tpl,Scripts/Originais/GBA/CyberbestaFalzar/85DFB0.tpl,4091
Scripts/Originais/GBA/CyberbestaGregar/882BE8.tpl,Scripts/Originais/GBA/CyberbestaFalzar/85E3D8.tpl,3675
Scripts/Originais/GBA/CyberbestaGregar/882F98.tpl,Scripts/Originais/GBA/CyberbestaFalzar/85E788.tpl,2111
Scripts/Originais/GBA/CyberbestaGregar/883F70.tpl,Scripts/Originais/GBA/CyberbestaFalzar/85F760.tpl,3107
Scripts/Originais/GBA/CyberbestaGregar/88425C.tpl,Scripts/Originais/GBA/CyberbestaFalzar/85FA4C.tpl,1174
Scripts/Originais/GBA/CyberbestaGregar/884380.tpl,Scripts/Originais/GBA/CyberbestaFalzar/85FB70.tpl,1457
Scripts/Originais/GBA/CyberbestaGregar/884564.tpl,Scripts/Originais/GBA/CyberbestaFalzar/85FD54.tpl,1284
Scripts/Originais/GBA/CyberbestaGregar/8846B0.tpl,Scripts/Originais/GBA/CyberbestaFalzar/85FEA0.tpl,10047
Scripts/Originais/GBA/CyberbestaGregar/884E18.tpl,Scripts/Originais/GBA/CyberbestaFalzar/86063C.tpl,17309
Scripts/Originais/GBA/CyberbestaGregar/885658.tpl,Scripts/Originais/GBA/CyberbestaFalzar/860E7C.tpl,3505
Scripts/Originais/GBA/CyberbestaGregar/885A64.tpl,Scripts/Originais/GBA/CyberbestaFalzar/861288.tpl,5328
Scripts/Originais/GBA/CyberbestaGregar/885FE4.tpl,Scripts/Originais/GBA/CyberbestaFalzar/861808.tpl,2866
Scripts/Originais/GBA/CyberbestaGregar/887640.tpl,Scripts/Originais/GBA/CyberbestaFalzar/86345C.tpl,3997
Scripts/Originais/GBA/CyberbestaGregar/887A74.tpl,Scripts/Originais/GBA/CyberbestaFalzar/863894.tpl,1962
Scripts/Originais/GBA/CyberbestaGregar/887CE4.tpl,Scripts/Originais/GBA/CyberbestaFalzar/863B04.tpl,1429
Scripts/Originais/GBA/CyberbestaGregar/887E8C.tpl,Scripts/Originais/GBA/CyberbestaFalzar/863CAC.tpl,6073
Scripts/Originais/GBA/CyberbestaGregar/8882D4.tpl,Scripts/Originais/GBA/CyberbestaFalzar/8640F4.tpl,13095
Scripts/Originais/GBA/CyberbestaGregar/888D14.tpl,Scripts/Originais/GBA/CyberbestaFalzar/864B34.tpl,676
Scripts/Originais/GBA/CyberbestaGregar/888E0C.tpl,Scripts/Originais/GBA/CyberbestaFalzar/864C2C.tpl,1576
Scripts/Originais/GBA/CyberbestaGregar/888FF4.tpl,Scripts/Originais/GBA/CyberbestaFalzar/864E14.tpl,5815
Scripts/Originais/GBA/CyberbestaGregar/8894AC.tpl,Scripts/Originais/GBA/CyberbestaFalzar/8652CC.tpl,716
Scripts/Originais/GBA/CyberbestaGregar/88957C.tpl,Scripts/Originais/GBA/CyberbestaFalzar/86539C.tpl,2184
Scripts/Originais/GBA/CyberbestaGregar/8897B8.tpl,Scripts/Originais/GBA/CyberbestaFalzar/8655D8.tpl,1009
Scripts/Originais/GBA/CyberbestaGregar/88991C.tpl,Scripts/Originais/GBA/CyberbestaFalzar/86573C.tpl,1259
Scripts/Originais/GBA/CyberbestaGregar/889A94.tpl,Scripts/Originais/GBA/CyberbestaFalzar/8658CC.tpl,543
Scripts/Originais/GBA/CyberbestaGregar/889B48.tpl,Scripts/Originais/GBA/CyberbestaFalzar/865980.tpl,19859
Scripts/Originais/GBA/CyberbestaGregar/88A2FC.tpl,Scripts/Originais/GBA/CyberbestaFalzar/866134.tpl,6436
Scripts/Originais/GBA/CyberbestaGregar/88A984.tpl,Scripts/Originais/GBA/CyberbestaFalzar/8667BC.tpl,776
Scripts/Originais/GBA/CyberbestaGregar/88AAB8.tpl,Scripts/Originais/GBA/CyberbestaFalzar/8668F0.tpl,23574
Scripts/Originais/GBA/CyberbestaGregar/88B628.tpl,Scripts/Originais/GBA/CyberbestaFalzar/867460.tpl,6163
Scripts/Originais/GBA/CyberbestaGregar/88BC48.tpl,Scripts/Originais/GBA/CyberbestaFalzar/867A80.tpl,1833
Scripts/Originais/GBA/CyberbestaGregar/88BDF4.tpl,Scripts/Originais/GBA/CyberbestaFalzar/867C2C.tpl,12829
Scripts/Originais/GBA/CyberbestaGregar/88C56C.tpl,Scripts/Originais/GBA/CyberbestaFalzar/8683A4.tpl,3711
Scripts/Originais/GBA/CyberbestaGregar/88C8F0.tpl,Scripts/Originais/GBA/CyberbestaFalzar/868728.tpl,1620
Scripts/Originais/GBA/CyberbestaGregar/88CA88.tpl,Scripts/Originais/GBA/CyberbestaFalzar/8688C0.tpl,3997
Scripts/Originais/GBA/CyberbestaGregar/88CCA8.tpl,Scripts/Originais/GBA/CyberbestaFalzar/868AE0.tpl,2930
Scripts/Originais/GBA/CyberbestaGregar/88D03C.tpl,Scripts/Originais/GBA/CyberbestaFalzar/868E74.tpl,1741
Scripts/Originais/GBA/CyberbestaGregar/88D1D8.tpl,Scripts/Originais/GBA/CyberbestaFalzar/869010.tpl,2158
Scripts/Originais/GBA/CyberbestaGregar/88D3F8.tpl,Scripts/Originais/GBA/CyberbestaFalzar/869230.tpl,1327
Scripts/Originais/GBA/CyberbestaGregar/88D508.tpl,Scripts/Originais/GBA/CyberbestaFalzar/869340.tpl,247
Scripts/Originais/GBA/CyberbestaGregar/88D56C.tpl,Scripts/Originais/GBA/CyberbestaFalzar/8693B8.tpl,1655
Scripts/Originais/GBA/CyberbestaGregar/88D6C4.tpl,Scripts/Originais/GBA/CyberbestaFalzar/869510.tpl,938
Scripts/Originais/GBA/CyberbestaGregar/88D7F8.tpl,Scripts/Originais/GBA/CyberbestaFalzar/869650.tpl,798
Scripts/Originais/GBA/CyberbestaGregar/88D918.tpl,Scripts/Originais/GBA/CyberbestaFalzar/86977C.tpl,1141
Scripts/Originais/GBA/CyberbestaGregar/88DA5C.tpl,Scripts/Originais/GBA/CyberbestaFalzar/8698C0.tpl,179
Scripts/Originais/GBA/CyberbestaGregar/88DAAC.tpl,Scripts/Originais/GBA/CyberbestaFalzar/869928.tpl,11188
Scripts/Originais/GBA/CyberbestaGregar/88E4CC.tpl,Scripts/Originais/GBA/CyberbestaFalzar/86A348.tpl,19871
Scripts/Originais/GBA/CyberbestaGregar/88F3B0.tpl,Scripts/Originais/GBA/CyberbestaFalzar/86B22C.tpl,6989
Scripts/Originais/GBA/CyberbestaGregar/88FAEC.tpl,Scripts/Originais/GBA/CyberbestaFalzar/86B968.tpl,3075
Scripts/Originais/GBA/CyberbestaGregar/88FDE8.tpl,Scripts/Originais/GBA/CyberbestaFalzar/86BC64.tpl,30290
Scripts/Originais/GBA/CyberbestaGregar/890EA0.tpl,Scripts/Originais/GBA/CyberbestaFalzar/86CD1C.tpl,6244
Scripts/Originais/GBA/CyberbestaGregar/8914D4.tpl,Scripts/Originais/GBA/CyberbestaFalzar/86D350.tpl,8895
Scripts/Originais/GBA/CyberbestaGregar/891B74.tpl,Scripts/Originais/GBA/CyberbestaFalzar/86D9F0.tpl,4918
Scripts/Originais/GBA/CyberbestaGregar/8920E4.tpl,Scripts/Originais/GBA/CyberbestaFalzar/86DF60.tpl,2334
Scripts/Originais/GBA/CyberbestaGregar/892380.tpl,Scripts/Originais/GBA/CyberbestaFalzar/86E1FC.tpl,12068
Scripts/Originais/GBA/CyberbestaGregar/892BC4.tpl,Scripts/Originais/GBA/CyberbestaFalzar/86EA40.tpl,4981
Scripts/Originais/GBA/CyberbestaGregar/89314C.tpl,Scripts/Originais/GBA/CyberbestaFalzar/86EFC8.tpl,11078
Scripts/Originais/GBA/CyberbestaGregar/893870.tpl,Scripts/Originais/GBA/CyberbestaFalzar/86F6EC.tpl,11900
Scripts/Originais/GBA/CyberbestaGregar/894458.tpl,Scripts/Originais/GBA/CyberbestaFalzar/8702D4.tpl,2920
Scripts/Originais/GBA/CyberbestaGregar/89479C.tpl,Scripts/Originais/GBA/CyberbestaFalzar/870618.tpl,5964
Scripts/Originais/GBA/CyberbestaGregar/894C60.tpl,Scripts/Originais/GBA/CyberbestaFalzar/8DB7C0.tpl,2112
Scripts/Originais/GBA/CyberbestaGregar/8954E8.tpl,Scripts/Originais/GBA/CyberbestaFalzar/871364.tpl,4625
Scripts/Originais/GBA/CyberbestaGregar/8959C4.tpl,Scripts/Originais/GBA/CyberbestaFalzar/871840.tpl,3442
Scripts/Originais/GBA/CyberbestaGregar/895D7C.tpl,Scripts/Originais/GBA/CyberbestaFalzar/871BF8.tpl,26896
Scripts/Originais/GBA/CyberbestaGregar/896950.tpl,Scripts/Originais/GBA/CyberbestaFalzar/8727CC.tpl,1680
Scripts/Originais/GBA/CyberbestaGregar/897148.tpl,Scripts/Originais/GBA/CyberbestaFalzar/872FC8.tpl,5638
Scripts/Originais/GBA/CyberbestaGregar/8976F8.tpl,Scripts/Originais/GBA/CyberbestaFalzar/873578.tpl,3190
Scripts/Originais/GBA/CyberbestaGregar/897AAC.tpl,Scripts/Originais/GBA/CyberbestaFalzar/87392C.tpl,10676
Scripts/Originais/GBA/CyberbestaGregar/8982FC.tpl,Scripts/Originais/GBA/CyberbestaFalzar/87417C.tpl,1699
Scripts/Originais/GBA/CyberbestaGregar/898A28.tpl,Scripts/Originais/GBA/CyberbestaFalzar/8748AC.tpl,5306
Scripts/Originais/GBA/CyberbestaGregar/898FB8.tpl,Scripts/Originais/GBA/CyberbestaFalzar/874E3C.tpl,2844
Scripts/Originais/GBA/CyberbestaGregar/8992EC.tpl,Scripts/Originais/GBA/CyberbestaFalzar/875170.tpl,13417
Scripts/Originais/GBA/CyberbestaGregar/899C0C.tpl,Scripts/Originais/GBA/CyberbestaFalzar/875A90.tpl,2206
Scripts/Originais/GBA/CyberbestaGregar/899F24.tpl,Scripts/Originais/GBA/CyberbestaFalzar/875DA8.tpl,7155
Scripts/Originais/GBA/CyberbestaGregar/89A5F4.tpl,Scripts/Originais/GBA/CyberbestaFalzar/876478.tpl,2403
Scripts/Originais/GBA/CyberbestaGregar/89A848.tpl,Scripts/Originais/GBA/CyberbestaFalzar/8766CC.tpl,8783
Scripts/Originais/GBA/CyberbestaGregar/89AF30.tpl,Scripts/Originais/GBA/CyberbestaFalzar/876DB4.tpl,5715
Scripts/Originais/GBA/CyberbestaGregar/89B4AC.tpl,Scripts/Originais/GBA/CyberbestaFalzar/877330.tpl,5068
Scripts/Originais/GBA/CyberbestaGregar/89B9EC.tpl,Scripts/Originais/GBA/CyberbestaFalzar/877870.tpl,2262
Scripts/Originais/GBA/CyberbestaGregar/89BC20.tpl,Scripts/Originais/GBA/CyberbestaFalzar/877AA4.tpl,22430
Scripts/Originais/GBA/CyberbestaGregar/89C8AC.tpl,Scripts/Originais/GBA/CyberbestaFalzar/878730.tpl,3137
Scripts/Originais/GBA/CyberbestaGregar/89CAE8.tpl,Scripts/Originais/GBA/CyberbestaFalzar/87896C.tpl,1741
Scripts/Originais/GBA/CyberbestaGregar/89CCB8.tpl,Scripts/Originais/GBA/CyberbestaFalzar/878B3C.tpl,713
Scripts/Originais/GBA/CyberbestaGregar/89CD5C.tpl,Scripts/Originais/GBA/CyberbestaFalzar/878BE0.tpl,2551
Scripts/Originais/GBA/CyberbestaGregar/89CEF0.tpl,Scripts/Originais/GBA/CyberbestaFalzar/878D90.tpl,1045
Scripts/Originais/GBA/CyberbestaGregar/89CF70.tpl,Scripts/Originais/GBA/CyberbestaFalzar/878E10.tpl,11836
Scripts/Originais/GBA/CyberbestaGregar/89D6BC.tpl,Scripts/Originais/GBA/CyberbestaFalzar/87955C.tpl,2439
Scripts/Originais/GBA/CyberbestaGregar/89F1B4.tpl,Scripts/Originais/GBA/CyberbestaFalzar/87B134.tpl,12554
Scripts/Originais/GBA/CyberbestaGregar/89F9EC.tpl,Scripts/Originais/GBA/CyberbestaFalzar/87B96C.tpl,2697
Scripts/Originais/GBA/CyberbestaGregar/89FCA0.tpl,Scripts/Originais/GBA/CyberbestaFalzar/87BC20.tpl,8098
Scripts/Originais/GBA/CyberbestaGregar/8A02A8.tpl,Scripts/Originais/GBA/CyberbestaFalzar/87C228.tpl,3545
Scripts/Originais/GBA/CyberbestaGregar/8A061C.tpl,Scripts/Originais/GBA/CyberbestaFalzar/87C59C.tpl,5270
Scripts/Originais/GBA/CyberbestaGregar/8A0AAC.tpl,Scripts/Originais/GBA/CyberbestaFalzar/87CA2C.tpl,3742
Scripts/Originais/GBA/CyberbestaGregar/8A0E20.tpl,Scripts/Originais/GBA/CyberbestaFalzar/87CDAC.tpl,3602
Scripts/Originais/GBA/CyberbestaGregar/8A1134.tpl,Scripts/Originais/GBA/CyberbestaFalzar/87D0C0.tpl,600
Scripts/Originais/GBA/CyberbestaGregar/8A11F0.tpl,Scripts/Originais/GBA/CyberbestaFalzar/87D17C.tpl,10245
Scripts/Originais/GBA/CyberbestaGregar/8A1870.tpl,Scripts/Originais/GBA/CyberbestaFalzar/87D830.tpl,6357
Scripts/Originais/GBA/CyberbestaGregar/8A1CE8.tpl,Scripts/Originais/GBA/CyberbestaFalzar/87DCB4.tpl,702
Scripts/Originais/GBA/CyberbestaGregar/8A1E80.tpl,Scripts/Originais/GBA/CyberbestaFalzar/87DE4C.tpl,11532
Scripts/Originais/GBA/CyberbestaGregar/8A25A4.tpl,Scripts/Originais/GBA/CyberbestaFalzar/8F5C0C.tpl,921
Scripts/Originais/GBA/CyberbestaGregar/8A268C.tpl,Scripts/Originais/GBA/CyberbestaFalzar/8F5AC8.tpl,1341
Scripts/Originais/GBA/CyberbestaGregar/8A2774.tpl,Scripts/Originais/GBA/CyberbestaFalzar/87E588.tpl,1284
Scripts/Originais/GBA/CyberbestaGregar/8A291C.tpl,Scripts/Originais/GBA/CyberbestaFalzar/87E678.tpl,1285
Scripts/Originais/GBA/CyberbestaGregar/8A2A98.tpl,Scripts/Originais/GBA/CyberbestaFalzar/87E818.tpl,9291
Scripts/Originais/GBA/CyberbestaGregar/8A2FB4.tpl,Scripts/Originais/GBA/CyberbestaFalzar/87ED88.tpl,4432
Scripts/Originais/GBA/CyberbestaGregar/8A3404.tpl,Scripts/Originais/GBA/CyberbestaFalzar/87F1FC.tpl,5556
Scripts/Originais/GBA/CyberbestaGregar/8A381C.tpl,Scripts/Originais/GBA/CyberbestaFalzar/87F644.tpl,1863
Scripts/Originais/GBA/CyberbestaGregar/8A39B4.tpl,Scripts/Originais/GBA/CyberbestaFalzar/87F80C.tpl,1960
Scripts/Originais/GBA/CyberbestaGregar/8A3B70.tpl,Scripts/Originais/GBA/CyberbestaFalzar/87F9C8.tpl,2623
Scripts/Originais/GBA/CyberbestaGregar/8A3E7C.tpl,Scripts/Originais/GBA/CyberbestaFalzar/87FD4C.tpl,1435
Scripts/Originais/GBA/CyberbestaGregar/8A3FC0.tpl,Scripts/Originais/GBA/CyberbestaFalzar/87FE90.tpl,3672
Scripts/Originais/GBA/CyberbestaGregar/8A4370.tpl,Scripts/Originais/GBA/CyberbestaFalzar/88024C.tpl,7300
Scripts/Originais/GBA/CyberbestaGregar/8A4930.tpl,Scripts/Originais/GBA/CyberbestaFalzar/880824.tpl,255
Scripts/Originais/GBA/CyberbestaGregar/8A4990.tpl,Scripts/Originais/GBA/CyberbestaFalzar/88089C.tpl,1596
Scripts/Originais/GBA/CyberbestaGregar/8A4B64.tpl,Scripts/Originais/GBA/CyberbestaFalzar/880A70.tpl,3348
Scripts/Originais/GBA/CyberbestaGregar/8A4F30.tpl,Scripts/Originais/GBA/CyberbestaFalzar/880E48.tpl,2978
Scripts/Originais/GBA/CyberbestaGregar/8A52AC.tpl,Scripts/Originais/GBA/CyberbestaFalzar/8811D0.tpl,3610
Scripts/Originais/GBA/CyberbestaGregar/8A566C.tpl,Scripts/Originais/GBA/CyberbestaFalzar/881590.tpl,255
Scripts/Originais/GBA/CyberbestaGregar/8A56D0.tpl,Scripts/Originais/GBA/CyberbestaFalzar/8815F4.tpl,4304
Scripts/Originais/GBA/CyberbestaGregar/8A5A80.tpl,Scripts/Originais/GBA/CyberbestaFalzar/8819D4.tpl,274
Scripts/Originais/GBA/CyberbestaGregar/8A5AF0.tpl,Scripts/Originais/GBA/CyberbestaFalzar/881A6C.tpl,641
Scripts/Originais/GBA/CyberbestaGregar/8A5B50.tpl,Scripts/Originais/GBA/CyberbestaFalzar/881AE4.tpl,3441
Scripts/Originais/GBA/CyberbestaGregar/8A5E84.tpl,Scripts/Originais/GBA/CyberbestaFalzar/881E34.tpl,6986
Scripts/Originais/GBA/CyberbestaGregar/8A6314.tpl,Scripts/Originais/GBA/CyberbestaFalzar/8822D0.tpl,3624
Scripts/Originais/GBA/CyberbestaGregar/8A6638.tpl,Scripts/Originais/GBA/CyberbestaFalzar/88261C.tpl,20252
Scripts/Originais/GBA/CyberbestaGregar/8A72F0.tpl,Scripts/Originais/GBA/CyberbestaFalzar/8832D4.tpl,10056
Scripts/Originais/GBA/CyberbestaGregar/8A7A84.tpl,Scripts/Originais/GBA/CyberbestaFalzar/883A90.tpl,13888
Scripts/Originais/GBA/CyberbestaGregar/8A848C.tpl,Scripts/Originais/GBA/CyberbestaFalzar/8844C0.tpl,10730
Scripts/Originais/GBA/CyberbestaGregar/8A8D78.tpl,Scripts/Originais/GBA/CyberbestaFalzar/884DDC.tpl,13255
Scripts/Originais/GBA/CyberbestaGregar/8A96D4.tpl,Scripts/Originais/GBA/CyberbestaFalzar/88575C.tpl,483
Scripts/Originais/GBA/CyberbestaGregar/8A97A4.tpl,Scripts/Originais/GBA/CyberbestaFalzar/88582C.tpl,620
Scripts/Originais/GBA/CyberbestaGregar/8A9854.tpl,Scripts/Originais/GBA/CyberbestaFalzar/88637C.tpl,344
Scripts/Originais/GBA/CyberbestaGregar/8A98E8.tpl,Scripts/Originais/GBA/CyberbestaFalzar/886440.tpl,7886
Scripts/Originais/GBA/CyberbestaGregar/8A9E04.tpl,Scripts/Originais/GBA/CyberbestaFalzar/88698C.tpl,8655
Scripts/Originais/GBA/CyberbestaGregar/8AA3F0.tpl,Scripts/Originais/GBA/CyberbestaFalzar/886F9C.tpl,4982
Scripts/Originais/GBA/CyberbestaGregar/8AA804.tpl,Scripts/Originais/GBA/CyberbestaFalzar/8873E0.tpl,378
Scripts/Originais/GBA/CyberbestaGregar/8AA8A8.tpl,Scripts/Originais/GBA/CyberbestaFalzar/887484.tpl,454
Scripts/Originais/GBA/CyberbestaGregar/8AA93C.tpl,Scripts/Originais/GBA/CyberbestaFalzar/887524.tpl,3882
Scripts/Originais/GBA/CyberbestaGregar/8AAD14.tpl,Scripts/Originais/GBA/CyberbestaFalzar/887908.tpl,3249
Scripts/Originais/GBA/CyberbestaGregar/8AAF8C.tpl,Scripts/Originais/GBA/CyberbestaFalzar/887B98.tpl,4046
Scripts/Originais/GBA/CyberbestaGregar/8AB2B0.tpl,Scripts/Originais/GBA/CyberbestaFalzar/887EBC.tpl,4734
Scripts/Originais/GBA/CyberbestaGregar/8AB60C.tpl,Scripts/Originais/GBA/CyberbestaFalzar/888230.tpl,319
Scripts/Originais/GBA/CyberbestaGregar/8AB680.tpl,Scripts/Originais/GBA/CyberbestaFalzar/8882C8.tpl,795
Scripts/Originais/GBA/CyberbestaGregar/8AB77C.tpl,Scripts/Originais/GBA/CyberbestaFalzar/8883C4.tpl,639
Scripts/Originais/GBA/CyberbestaGregar/8AB834.tpl,Scripts/Originais/GBA/CyberbestaFalzar/888488.tpl,346
Scripts/Originais/GBA/CyberbestaGregar/8AB890.tpl,Scripts/Originais/GBA/CyberbestaFalzar/8884E4.tpl,655
Scripts/Originais/GBA/CyberbestaGregar/8AB960.tpl,Scripts/Originais/GBA/CyberbestaFalzar/8885C0.tpl,4564
Scripts/Originais/GBA/CyberbestaGregar/8ABC2C.tpl,Scripts/Originais/GBA/CyberbestaFalzar/88888C.tpl,350
Scripts/Originais/GBA/CyberbestaGregar/8ABC98.tpl,Scripts/Originais/GBA/CyberbestaFalzar/888904.tpl,312
Scripts/Originais/GBA/CyberbestaGregar/8ABD00.tpl,Scripts/Originais/GBA/CyberbestaFalzar/88896C.tpl,444
Scripts/Originais/GBA/CyberbestaGregar/8ABD90.tpl,Scripts/Originais/GBA/CyberbestaFalzar/888A08.tpl,3804
Scripts/Originais/GBA/CyberbestaGregar/8AC060.tpl,Scripts/Originais/GBA/CyberbestaFalzar/888CF0.tpl,437
Scripts/Originais/GBA/CyberbestaGregar/8AC10C.tpl,Scripts/Originais/GBA/CyberbestaFalzar/888DB4.tpl,380
Scripts/Originais/GBA/CyberbestaGregar/8AC1B4.tpl,Scripts/Originais/GBA/CyberbestaFalzar/888E74.tpl,342
Scripts/Originais/GBA/CyberbestaGregar/8AC244.tpl,Scripts/Originais/GBA/CyberbestaFalzar/888F28.tpl,6289
Scripts/Originais/GBA/CyberbestaGregar/8AC670.tpl,Scripts/Originais/GBA/CyberbestaFalzar/889384.tpl,11719
Scripts/Originais/GBA/CyberbestaGregar/8ACD90.tpl,Scripts/Originais/GBA/CyberbestaFalzar/889AC8.tpl,1900
Scripts/Originais/GBA/CyberbestaGregar/8ACFA0.tpl,Scripts/Originais/GBA/CyberbestaFalzar/889CFC.tpl,5944
Scripts/Originais/GBA/CyberbestaGregar/8AD4C4.tpl,Scripts/Originais/GBA/CyberbestaFalzar/88A244.tpl,7616
Scripts/Originais/GBA/CyberbestaGregar/8ADA0C.tpl,Scripts/Originais/GBA/CyberbestaFalzar/88A7BC.tpl,1543
Scripts/Originais/GBA/CyberbestaGregar/8ADB54.tpl,Scripts/Originais/GBA/CyberbestaFalzar/88A934.tpl,367
Scripts/Originais/GBA/CyberbestaGregar/8ADBF0.tpl,Scripts/Originais/GBA/CyberbestaFalzar/88A9E8.tpl,11751
Scripts/Originais/GBA/CyberbestaGregar/8AE154.tpl,Scripts/Originais/GBA/CyberbestaFalzar/88AF64.tpl,6714
Scripts/Originais/GBA/CyberbestaGregar/8AE5F8.tpl,Scripts/Originais/GBA/CyberbestaFalzar/88B420.tpl,446
Scripts/Originais/GBA/CyberbestaGregar/8AE6A4.tpl,Scripts/Originais/GBA/CyberbestaFalzar/88B4D8.tpl,362
Scripts/Originais/GBA/CyberbestaGregar/8AE72C.tpl,Scripts/Originais/GBA/CyberbestaFalzar/88B584.tpl,2676
Scripts/Originais/GBA/CyberbestaGregar/8AE97C.tpl,Scripts/Originais/GBA/CyberbestaFalzar/88B7EC.tpl,714
Scripts/Originais/GBA/CyberbestaGregar/8AEA64.tpl,Scripts/Originais/GBA/CyberbestaFalzar/88B8E0.tpl,290
Scripts/Originais/GBA/CyberbestaGregar/8AEAE0.tpl,Scripts/Originais/GBA/CyberbestaFalzar/88B95C.tpl,940
Scripts/Originais/GBA/CyberbestaGregar/8AEC18.tpl,Scripts/Originais/GBA/CyberbestaFalzar/88BBF4.tpl,732
Scripts/Originais/GBA/CyberbestaGregar/8AECF0.tpl,Scripts/Originais/GBA/CyberbestaFalzar/88BCCC.tpl,763
Scripts/Originais/GBA/CyberbestaGregar/8AEDE0.tpl,Scripts/Originais/GBA/CyberbestaFalzar/88BDBC.tpl,1134
Scripts/Originais/GBA/CyberbestaGregar/8AEF54.tpl,Scripts/Originais/GBA/CyberbestaFalzar/88BF30.tpl,1125
Scripts/Originais/GBA/CyberbestaGregar/8AF098.tpl,Scripts/Originais/GBA/CyberbestaFalzar/88C074.tpl,878
Scripts/Originais/GBA/CyberbestaGregar/8AF1A0.tpl,Scripts/Originais/GBA/CyberbestaFalzar/88C17C.tpl,992
Scripts/Originais/GBA/CyberbestaGregar/8AF31C.tpl,Scripts/Originais/GBA/CyberbestaFalzar/88C2F8.tpl,2999
Scripts/Originais/GBA/CyberbestaGregar/8AF750.tpl,Scripts/Originais/GBA/CyberbestaFalzar/88C72C.tpl,20374
Scripts/Originais/GBA/CyberbestaGregar/8B0958.tpl,Scripts/Originais/GBA/CyberbestaFalzar/88D934.tpl,1997
Scripts/Originais/GBA/CyberbestaGregar/8B0BF0.tpl,Scripts/Originais/GBA/CyberbestaFalzar/88DBCC.tpl,405
Scripts/Originais/GBA/CyberbestaGregar/8B3004.tpl,Scripts/Originais/GBA/CyberbestaFalzar/8902C0.tpl,1205
Scripts/Originais/GBA/CyberbestaGregar/8B3688.tpl,Scripts/Originais/GBA/CyberbestaFalzar/83DB9C.tpl,2789
Scripts/Originais/GBA/CyberbestaGregar/8B39BC.tpl,Scripts/Originais/GBA/CyberbestaFalzar/83DEDC.tpl,4676
Scripts/Originais/GBA/CyberbestaGregar/8B3EC8.tpl,Scripts/Originais/GBA/CyberbestaFalzar/83E3E8.tpl,3846
Scripts/Originais/GBA/CyberbestaGregar/8B438C.tpl,Scripts/Originais/GBA/CyberbestaFalzar/83E8AC.tpl,5915
Scripts/Originais/GBA/CyberbestaGregar/8B4848.tpl,Scripts/Originais/GBA/CyberbestaFalzar/83ED68.tpl,1459
Scripts/Originais/GBA/CyberbestaGregar/8B52D0.tpl,Scripts/Originais/GBA/CyberbestaFalzar/83EF60.tpl,6843
Scripts/Originais/GBA/CyberbestaGregar/8B5920.tpl,Scripts/Originais/GBA/CyberbestaFalzar/83F5B0.tpl,3710
Scripts/Originais/GBA/CyberbestaGregar/8B5DBC.tpl,Scripts/Originais/GBA/CyberbestaFalzar/83FA4C.tpl,3430
Scripts/Originais/GBA/CyberbestaGregar/8B61B4.tpl,Scripts/Originais/GBA/CyberbestaFalzar/83FE44.tpl,3864
Scripts/Originais/GBA/CyberbestaGregar/8B65D8.tpl,Scripts/Originais/GBA/CyberbestaFalzar/840268.tpl,2062
Scripts/Originais/GBA/CyberbestaGregar/8B6894.tpl,Scripts/Originais/GBA/CyberbestaFalzar/840524.tpl,2037
Scripts/Originais/GBA/CyberbestaGregar/8B6B3C.tpl,Scripts/Originais/GBA/CyberbestaFalzar/8407CC.tpl,2468
Scripts/Originais/GBA/CyberbestaGregar/8B6E10.tpl,Scripts/Originais/GBA/CyberbestaFalzar/840AA0.tpl,4977
Scripts/Originais/GBA/CyberbestaGregar/8B7224.tpl,Scripts/Originais/GBA/CyberbestaFalzar/840EB4.tpl,3142
Scripts/Originais/GBA/CyberbestaGregar/8B79B4.tpl,Scripts/Originais/GBA/CyberbestaFalzar/84164C.tpl,4818
Scripts/Originais/GBA/CyberbestaGregar/8B7C9C.tpl,Scripts/Originais/GBA/CyberbestaFalzar/841934.tpl,4158
Scripts/Originais/GBA/CyberbestaGregar/8B8068.tpl,Scripts/Originais/GBA/CyberbestaFalzar/841D00.tpl,13237
Scripts/Originais/GBA/CyberbestaGregar/8B86BC.tpl,Scripts/Originais/GBA/CyberbestaFalzar/842354.tpl,14396
Scripts/Originais/GBA/CyberbestaGregar/8B8E08.tpl,Scripts/Originais/GBA/CyberbestaFalzar/842AA0.tpl,3050
Scripts/Originais/GBA/CyberbestaGregar/8B90B0.tpl,Scripts/Originais/GBA/CyberbestaFalzar/842D48.tpl,1683
Scripts/Originais/GBA/CyberbestaGregar/8B9254.tpl,Scripts/Originais/GBA/CyberbestaFalzar/842EEC.tpl,5962
Scripts/Originais/GBA/CyberbestaGregar/8B96D8.tpl,Scripts/Originais/GBA/CyberbestaFalzar/843370.tpl,2888
Scripts/Originais/GBA/CyberbestaGregar/8B9A58.tpl,Scripts/Originais/GBA/CyberbestaFalzar/8436F0.tpl,1274
Scripts/Originais/GBA/CyberbestaGregar/8B9C00.tpl,Scripts/Originais/GBA/CyberbestaFalzar/843898.tpl,932
Scripts/Originais/GBA/CyberbestaGregar/8B9D24.tpl,Scripts/Originais/GBA/CyberbestaFalzar/8439BC.tpl,228
Scripts/Originais/GBA/CyberbestaGregar/8B9D7C.tpl,Scripts/Originais/GBA/CyberbestaFalzar/843A14.tpl,4286
Scripts/Originais/GBA/CyberbestaGregar/8B9FD0.tpl,Scripts/Originais/GBA/CyberbestaFalzar/843C68.tpl,2225
Scripts/Originais/GBA/CyberbestaGregar/8BA25C.tpl,Scripts/Originais/GBA/CyberbestaFalzar/843EF4.tpl,3226
Scripts/Originais/GBA/CyberbestaGregar/8BA5E0.tpl,Scripts/Originais/GBA/CyberbestaFalzar/844278.tpl,2931
Scripts/Originais/GBA/CyberbestaGregar/8BA90C.tpl,Scripts/Originais/GBA/CyberbestaFalzar/8445A4.tpl,2074
Scripts/Originais/GBA/CyberbestaGregar/8BABB4.tpl,Scripts/Originais/GBA/CyberbestaFalzar/84484C.tpl,1332
Scripts/Originais/GBA/CyberbestaGregar/8BAD68.tpl,Scripts/Originais/GBA/CyberbestaFalzar/844A00.tpl,1993
Scripts/Originais/GBA/CyberbestaGregar/8BAFA0.tpl,Scripts/Originais/GBA/CyberbestaFalzar/844C38.tpl,3144
Scripts/Originais/GBA/CyberbestaGregar/8BB384.tpl,Scripts/Originais/GBA/CyberbestaFalzar/84501C.tpl,1508
Scripts/Originais/GBA/CyberbestaGregar/8BB518.tpl,Scripts/Originais/GBA/CyberbestaFalzar/8451BC.tpl,320
Scripts/Originais/GBA/CyberbestaGregar/8BB598.tpl,Scripts/Originais/GBA/CyberbestaFalzar/84523C.tpl,1268
Scripts/Originais/GBA/CyberbestaGregar/8BB70C.tpl,Scripts/Originais/GBA/CyberbestaFalzar/8453B0.tpl,134
Scripts/Originais/GBA/CyberbestaGregar/8BB758.tpl,Scripts/Originais/GBA/CyberbestaFalzar/8453FC.tpl,134
Scripts/Originais/GBA/CyberbestaGregar/8BB758.tpl,Scripts/Originais/GBA/CyberbestaFalzar/845448.tpl,134
Scripts/Originais/GBA/CyberbestaGregar/8BB7A4.tpl,Scripts/Originais/GBA/CyberbestaFalzar/8453FC.tpl,134
Scripts/Originais/GBA/CyberbestaGregar/8BB7A4.tpl,Scripts/Originais/GBA/CyberbestaFalzar/845448.tpl,134
Scripts/Originais/GBA/CyberbestaGregar/8BB7F0.tpl,Scripts/Originais/GBA/CyberbestaFalzar/845494.tpl,236
Scripts/Originais/GBA/CyberbestaGregar/8BB7F0.tpl,Scripts/Originais/GBA/CyberbestaFalzar/8454F4.tpl,236
Scripts/Originais/GBA/CyberbestaGregar/8BB850.tpl,Scripts/Originais/GBA/CyberbestaFalzar/845494.tpl,236
Scripts/Originais/GBA/CyberbestaGregar/8BB850.tpl,Scripts/Originais/GBA/CyberbestaFalzar/8454F4.tpl,236
Scripts/Originais/GBA/CyberbestaGregar/8BB8B0.tpl,Scripts/Originais/GBA/CyberbestaFalzar/845554.tpl,465
Scripts/Originais/GBA/CyberbestaGregar/8BB970.tpl,Scripts/Originais/GBA/CyberbestaFalzar/845614.tpl,123
Scripts/Originais/GBA/CyberbestaGregar/8BB9A8.tpl,Scripts/Originais/GBA/CyberbestaFalzar/84564C.tpl,123
Scripts/Originais/GBA/CyberbestaGregar/8BB9A8.tpl,Scripts/Originais/GBA/CyberbestaFalzar/845684.tpl,123
Scripts/Originais/GBA/CyberbestaGregar/8BB9E0.tpl,Scripts/Originais/GBA/CyberbestaFalzar/84564C.tpl,123
Scripts/Originais/GBA/CyberbestaGregar/8BB9E0.tpl,Scripts/Originais/GBA/CyberbestaFalzar/845684.tpl,123
Scripts/Originais/GBA/CyberbestaGregar/8BBA18.tpl,Scripts/Originais/GBA/CyberbestaFalzar/8456BC.tpl,579
Scripts/Originais/GBA/CyberbestaGregar/8BBAE4.tpl,Scripts/Originais/GBA/CyberbestaFalzar/845788.tpl,483
Scripts/Originais/GBA/CyberbestaGregar/8BBB90.tpl,Scripts/Originais/GBA/CyberbestaFalzar/845834.tpl,328
Scripts/Originais/GBA/CyberbestaGregar/8BBC18.tpl,Scripts/Originais/GBA/CyberbestaFalzar/8458BC.tpl,355
Scripts/Originais/GBA/CyberbestaGregar/8BBCB8.tpl,Scripts/Originais/GBA/CyberbestaFalzar/84598C.tpl,113
Scripts/Originais/GBA/CyberbestaGregar/8BBCE0.tpl,Scripts/Originais/GBA/CyberbestaFalzar/8459B4.tpl,151
Scripts/Originais/GBA/CyberbestaGregar/8BBD0C.tpl,Scripts/Originais/GBA/CyberbestaFalzar/845A34.tpl,994
Scripts/Originais/GBA/CyberbestaGregar/8BBE08.tpl,Scripts/Originais/GBA/CyberbestaFalzar/845B3C.tpl,2607
Scripts/Originais/GBA/CyberbestaGregar/8BC074.tpl,Scripts/Originais/GBA/CyberbestaFalzar/845DB4.tpl,630
Scripts/Originais/GBA/CyberbestaGregar/8BC110.tpl,Scripts/Originais/GBA/CyberbestaFalzar/845E50.tpl,716
Scripts/Originais/GBA/CyberbestaGregar/8BC1A8.tpl,Scripts/Originais/GBA/CyberbestaFalzar/845EE8.tpl,554
Scripts/Originais/GBA/CyberbestaGregar/8BC228.tpl,Scripts/Originais/GBA/CyberbestaFalzar/845F68.tpl,633
Scripts/Originais/GBA/CyberbestaGregar/8BC50C.tpl,Scripts/Originais/GBA/CyberbestaFalzar/846318.tpl,970
Scripts/Originais/GBA/CyberbestaGregar/8BC640.tpl,Scripts/Originais/GBA/CyberbestaFalzar/84644C.tpl,6788
Scripts/Originais/GBA/CyberbestaGregar/8BD054.tpl,Scripts/Originais/GBA/CyberbestaFalzar/846F30.tpl,4743
Scripts/Originais/GBA/CyberbestaGregar/8BD468.tpl,Scripts/Originais/GBA/CyberbestaFalzar/847344.tpl,2816
Scripts/Originais/GBA/CyberbestaGregar/8BD6E8.tpl,Scripts/Originais/GBA/CyberbestaFalzar/8475C4.tpl,6029
Scripts/Originais/GBA/CyberbestaGregar/8BDBA0.tpl,Scripts/Originais/GBA/CyberbestaFalzar/847A7C.tpl,2832
Scripts/Originais/GBA/CyberbestaGregar/8BDE2C.tpl,Scripts/Originais/GBA/CyberbestaFalzar/847D08.tpl,4998
Scripts/Originais/GBA/CyberbestaGregar/8BE540.tpl,Scripts/Originais/GBA/CyberbestaFalzar/848420.tpl,5522
Scripts/Originais/GBA/CyberbestaGregar/8BEE64.tpl,Scripts/Originais/GBA/CyberbestaFalzar/848D48.tpl,4432
Scripts/Originais/GBA/CyberbestaGregar/8BF2C8.tpl,Scripts/Originais/GBA/CyberbestaFalzar/8491AC.tpl,2669
Scripts/Originais/GBA/CyberbestaGregar/8BFD3C.tpl,Scripts/Originais/GBA/CyberbestaFalzar/849C24.tpl,4440
Scripts/Originais/GBA/CyberbestaGregar/8C005C.tpl,Scripts/Originais/GBA/CyberbestaFalzar/8F5BB0.tpl,227
Scripts/Originais/GBA/CyberbestaGregar/8C1724.tpl,Scripts/Originais/GBA/CyberbestaFalzar/8C74DC.tpl,467
Scripts/Originais/GBA/CyberbestaGregar/8C17D8.tpl,Scripts/Originais/GBA/CyberbestaFalzar/890E9C.tpl,1468
Scripts/Originais/GBA/CyberbestaGregar/8C1998.tpl,Scripts/Originais/GBA/CyberbestaFalzar/89105C.tpl,1560
Scripts/Originais/GBA/CyberbestaGregar/8C1B10.tpl,Scripts/Originais/GBA/CyberbestaFalzar/8911D4.tpl,6601
Scripts/Originais/GBA/CyberbestaGregar/8C208C.tpl,Scripts/Originais/GBA/CyberbestaFalzar/891750.tpl,5458
Scripts/Originais/GBA/CyberbestaGregar/8C2574.tpl,Scripts/Originais/GBA/CyberbestaFalzar/891C38.tpl,2834
Scripts/Originais/GBA/CyberbestaGregar/8C27E8.tpl,Scripts/Originais/GBA/CyberbestaFalzar/891EAC.tpl,4038
Scripts/Originais/GBA/CyberbestaGregar/8C2BE8.tpl,Scripts/Originais/GBA/CyberbestaFalzar/8922AC.tpl,2990
Scripts/Originais/GBA/CyberbestaGregar/8C2EB0.tpl,Scripts/Originais/GBA/CyberbestaFalzar/892574.tpl,5733
Scripts/Originais/GBA/CyberbestaGregar/8C3394.tpl,Scripts/Originais/GBA/CyberbestaFalzar/892A58.tpl,7595
Scripts/Originais/GBA/CyberbestaGregar/8C3A44.tpl,Scripts/Originais/GBA/CyberbestaFalzar/893108.tpl,8261
Scripts/Originais/GBA/CyberbestaGregar/8C4044.tpl,Scripts/Originais/GBA/CyberbestaFalzar/893708.tpl,2093
Scripts/Originais/GBA/CyberbestaGregar/8C4210.tpl,Scripts/Originais/GBA/CyberbestaFalzar/8938D4.tpl,4921
Scripts/Originais/GBA/CyberbestaGregar/8C460C.tpl,Scripts/Originais/GBA/CyberbestaFalzar/893CD0.tpl,1414
Scripts/Originais/GBA/CyberbestaGregar/8C47A8.tpl,Scripts/Originais/GBA/CyberbestaFalzar/893E6C.tpl,1421
Scripts/Originais/GBA/CyberbestaGregar/8C4944.tpl,Scripts/Originais/GBA/CyberbestaFalzar/894008.tpl,1606
Scripts/Originais/GBA/CyberbestaGregar/8C4AC8.tpl,Scripts/Originais/GBA/CyberbestaFalzar/89418C.tpl,3914
Scripts/Originais/GBA/CyberbestaGregar/8C4E38.tpl,Scripts/Originais/GBA/CyberbestaFalzar/8944FC.tpl,1158
Scripts/Originais/GBA/CyberbestaGregar/8C4F54.tpl,Scripts/Originais/GBA/CyberbestaFalzar/894618.tpl,1570
Scripts/Originais/GBA/CyberbestaGregar/8C50D8.tpl,Scripts/Originais/GBA/CyberbestaFalzar/89479C.tpl,1332
Scripts/Originais/GBA/CyberbestaGregar/8C5240.tpl,Scripts/Originais/GBA/CyberbestaFalzar/894904.tpl,8898
Scripts/Originais/GBA/CyberbestaGregar/8C5A4C.tpl,Scripts/Originais/GBA/CyberbestaFalzar/895110.tpl,1242
Scripts/Originais/GBA/CyberbestaGregar/8C5BC4.tpl,Scripts/Originais/GBA/CyberbestaFalzar/895288.tpl,3777
Scripts/Originais/GBA/CyberbestaGregar/8C604C.tpl,Scripts/Originais/GBA/CyberbestaFalzar/895710.tpl,9190
Scripts/Originais/GBA/CyberbestaGregar/8C66A8.tpl,Scripts/Originais/GBA/CyberbestaFalzar/895D6C.tpl,3170
Scripts/Originais/GBA/CyberbestaGregar/8C69FC.tpl,Scripts/Originais/GBA/CyberbestaFalzar/8960C0.tpl,2074
Scripts/Originais/GBA/CyberbestaGregar/8C6BC0.tpl,Scripts/Originais/GBA/CyberbestaFalzar/896284.tpl,2867
Scripts/Originais/GBA/CyberbestaGregar/8C6E10.tpl,Scripts/Originais/GBA/CyberbestaFalzar/8964D4.tpl,3580
Scripts/Originais/GBA/CyberbestaGregar/8C716C.tpl,Scripts/Originais/GBA/CyberbestaFalzar/896830.tpl,3840
Scripts/Originais/GBA/CyberbestaGregar/8C74F8.tpl,Scripts/Originais/GBA/CyberbestaFalzar/896BBC.tpl,1335
Scripts/Originais/GBA/CyberbestaGregar/8C7674.tpl,Scripts/Originais/GBA/CyberbestaFalzar/896D38.tpl,4714
Scripts/Originais/GBA/CyberbestaGregar/8C7A64.tpl,Scripts/Originais/GBA/CyberbestaFalzar/897128.tpl,1059
Scripts/Originais/GBA/CyberbestaGregar/8C7B9C.tpl,Scripts/Originais/GBA/CyberbestaFalzar/897260.tpl,4243
Scripts/Originais/GBA/CyberbestaGregar/8C7F98.tpl,Scripts/Originais/GBA/CyberbestaFalzar/89765C.tpl,5625
Scripts/Originais/GBA/CyberbestaGregar/8C84D8.tpl,Scripts/Originais/GBA/CyberbestaFalzar/897B9C.tpl,915
Scripts/Originais/GBA/CyberbestaGregar/8C85B4.tpl,Scripts/Originais/GBA/CyberbestaFalzar/897C78.tpl,3080
Scripts/Originais/GBA/CyberbestaGregar/8C88D8.tpl,Scripts/Originais/GBA/CyberbestaFalzar/897F9C.tpl,3704
Scripts/Originais/GBA/CyberbestaGregar/8C8C80.tpl,Scripts/Originais/GBA/CyberbestaFalzar/898344.tpl,1879
Scripts/Originais/GBA/CyberbestaGregar/8C8E88.tpl,Scripts/Originais/GBA/CyberbestaFalzar/89854C.tpl,526
Scripts/Originais/GBA/CyberbestaGregar/8C8F04.tpl,Scripts/Originais/GBA/CyberbestaFalzar/8985C8.tpl,1871
Scripts/Originais/GBA/CyberbestaGregar/8C9070.tpl,Scripts/Originais/GBA/CyberbestaFalzar/898734.tpl,1294
Scripts/Originais/GBA/CyberbestaGregar/8C91DC.tpl,Scripts/Originais/GBA/CyberbestaFalzar/8988A0.tpl,1064
Scripts/Originais/GBA/CyberbestaGregar/8C92F4.tpl,Scripts/Originais/GBA/CyberbestaFalzar/8989B8.tpl,1749
Scripts/Originais/GBA/CyberbestaGregar/8C94AC.tpl,Scripts/Originais/GBA/CyberbestaFalzar/898B70.tpl,3744
Scripts/Originais/GBA/CyberbestaGregar/8C98FC.tpl,Scripts/Originais/GBA/CyberbestaFalzar/898FC0.tpl,569
Scripts/Originais/GBA/CyberbestaGregar/8C99C8.tpl,Scripts/Originais/GBA/CyberbestaFalzar/89908C.tpl,2409
Scripts/Originais/GBA/CyberbestaGregar/8C9C04.tpl,Scripts/Originais/GBA/CyberbestaFalzar/8992C8.tpl,961
Scripts/Originais/GBA/CyberbestaGregar/8C9D04.tpl,Scripts/Originais/GBA/CyberbestaFalzar/8993C8.tpl,994
Scripts/Originais/GBA/CyberbestaGregar/8C9DF4.tpl,Scripts/Originais/GBA/CyberbestaFalzar/8994B8.tpl,5614
Scripts/Originais/GBA/CyberbestaGregar/8CA22C.tpl,Scripts/Originais/GBA/CyberbestaFalzar/8998F0.tpl,4707
Scripts/Originais/GBA/CyberbestaGregar/8CA65C.tpl,Scripts/Originais/GBA/CyberbestaFalzar/899D20.tpl,4397
Scripts/Originais/GBA/CyberbestaGregar/8CAAF4.tpl,Scripts/Originais/GBA/CyberbestaFalzar/89A1B8.tpl,2191
Scripts/Originais/GBA/CyberbestaGregar/8CAC04.tpl,Scripts/Originais/GBA/CyberbestaFalzar/89A2C8.tpl,3797
Scripts/Originais/GBA/CyberbestaGregar/8CAF80.tpl,Scripts/Originais/GBA/CyberbestaFalzar/89A644.tpl,12988
Scripts/Originais/GBA/CyberbestaGregar/8CB9A0.tpl,Scripts/Originais/GBA/CyberbestaFalzar/89B064.tpl,4996
Scripts/Originais/GBA/CyberbestaGregar/8CBD70.tpl,Scripts/Originais/GBA/CyberbestaFalzar/89B434.tpl,4222
Scripts/Originais/GBA/CyberbestaGregar/8CC1B0.tpl,Scripts/Originais/GBA/CyberbestaFalzar/89B874.tpl,1250
Scripts/Originais/GBA/CyberbestaGregar/8CC304.tpl,Scripts/Originais/GBA/CyberbestaFalzar/89B9C8.tpl,2495
Scripts/Originais/GBA/CyberbestaGregar/8CC558.tpl,Scripts/Originais/GBA/CyberbestaFalzar/89BC1C.tpl,9343
Scripts/Originais/GBA/CyberbestaGregar/8CCC40.tpl,Scripts/Originais/GBA/CyberbestaFalzar/89C304.tpl,1283
Scripts/Originais/GBA/CyberbestaGregar/8CCD7C.tpl,Scripts/Originais/GBA/CyberbestaFalzar/89C440.tpl,741
Scripts/Originais/GBA/CyberbestaGregar/8CCE4C.tpl,Scripts/Originais/GBA/CyberbestaFalzar/89C510.tpl,3940
Scripts/Originais/GBA/CyberbestaGregar/8CD0C8.tpl,Scripts/Originais/GBA/CyberbestaFalzar/89C78C.tpl,6796
Scripts/Originais/GBA/CyberbestaGregar/8CD7FC.tpl,Scripts/Originais/GBA/CyberbestaFalzar/89CEC0.tpl,7637
Scripts/Originais/GBA/CyberbestaGregar/8CDD4C.tpl,Scripts/Originais/GBA/CyberbestaFalzar/89D410.tpl,4544
Scripts/Originais/GBA/CyberbestaGregar/8CE4D4.tpl,Scripts/Originais/GBA/CyberbestaFalzar/89DBA0.tpl,671
Scripts/Originais/GBA/CyberbestaGregar/8CEBD0.tpl,Scripts/Originais/GBA/CyberbestaFalzar/89E2A8.tpl,5254
Scripts/Originais/GBA/CyberbestaGregar/8CF0C4.tpl,Scripts/Originais/GBA/CyberbestaFalzar/89E79C.tpl,2674
Scripts/Originais/GBA/CyberbestaGregar/8CF318.tpl,Scripts/Originais/GBA/CyberbestaFalzar/89E9F0.tpl,3082
Scripts/Originais/GBA/CyberbestaGregar/8CF604.tpl,Scripts/Originais/GBA/CyberbestaFalzar/89ECDC.tpl,2977
Scripts/Originais/GBA/CyberbestaGregar/8D0AF4.tpl,Scripts/Originais/GBA/CyberbestaFalzar/8A02B8.tpl,1331
Scripts/Originais/GBA/CyberbestaGregar/8D0C80.tpl,Scripts/Originais/GBA/CyberbestaFalzar/8A0444.tpl,13563
Scripts/Originais/GBA/CyberbestaGregar/8D17E4.tpl,Scripts/Originais/GBA/CyberbestaFalzar/8A0FA8.tpl,4068
Scripts/Originais/GBA/CyberbestaGregar/8D1C34.tpl,Scripts/Originais/GBA/CyberbestaFalzar/8A13F8.tpl,2461
Scripts/Originais/GBA/CyberbestaGregar/8D1E5C.tpl,Scripts/Originais/GBA/CyberbestaFalzar/8A1620.tpl,8198
Scripts/Originais/GBA/CyberbestaGregar/8D25E4.tpl,Scripts/Originais/GBA/CyberbestaFalzar/8A1DA8.tpl,7384
Scripts/Originais/GBA/CyberbestaGregar/8D2CA8.tpl,Scripts/Originais/GBA/CyberbestaFalzar/8A246C.tpl,12435
Scripts/Originais/GBA/CyberbestaGregar/8D36F8.tpl,Scripts/Originais/GBA/CyberbestaFalzar/909C78.tpl,11494
Scripts/Originais/GBA/CyberbestaGregar/8D420C.tpl,Scripts/Originais/GBA/CyberbestaFalzar/8A39D0.tpl,1102
Scripts/Originais/GBA/CyberbestaGregar/8D4338.tpl,Scripts/Originais/GBA/CyberbestaFalzar/8A3AFC.tpl,8425
Scripts/Originais/GBA/CyberbestaGregar/8D493C.tpl,Scripts/Originais/GBA/CyberbestaFalzar/8A4100.tpl,1945
Scripts/Originais/GBA/CyberbestaGregar/8D4BD0.tpl,Scripts/Originais/GBA/CyberbestaFalzar/8A4394.tpl,7300
Scripts/Originais/GBA/CyberbestaGregar/8D526C.tpl,Scripts/Originais/GBA/CyberbestaFalzar/8A4A30.tpl,4070
Scripts/Originais/GBA/CyberbestaGregar/8D55C4.tpl,Scripts/Originais/GBA/CyberbestaFalzar/8A4D88.tpl,6489
Scripts/Originais/GBA/CyberbestaGregar/8D5ABC.tpl,Scripts/Originais/GBA/CyberbestaFalzar/8A5280.tpl,5107
Scripts/Originais/GBA/CyberbestaGregar/8D5EDC.tpl,Scripts/Originais/GBA/CyberbestaFalzar/8A56A0.tpl,3715
Scripts/Originais/GBA/CyberbestaGregar/8D6260.tpl,Scripts/Originais/GBA/CyberbestaFalzar/8A5A24.tpl,6359
Scripts/Originais/GBA/CyberbestaGregar/8D6868.tpl,Scripts/Originais/GBA/CyberbestaFalzar/8A602C.tpl,1162
Scripts/Originais/GBA/CyberbestaGregar/8D69C0.tpl,Scripts/Originais/GBA/CyberbestaFalzar/8A6184.tpl,2634
Scripts/Originais/GBA/CyberbestaGregar/8D6CB4.tpl,Scripts/Originais/GBA/CyberbestaFalzar/8A6478.tpl,701
Scripts/Originais/GBA/CyberbestaGregar/8D6D6C.tpl,Scripts/Originais/GBA/CyberbestaFalzar/8A6530.tpl,5330
Scripts/Originais/GBA/CyberbestaGregar/8D72AC.tpl,Scripts/Originais/GBA/CyberbestaFalzar/8A6A70.tpl,2687
Scripts/Originais/GBA/CyberbestaGregar/8D75DC.tpl,Scripts/Originais/GBA/CyberbestaFalzar/8A6DA0.tpl,9889
Scripts/Originais/GBA/CyberbestaGregar/8D7E6C.tpl,Scripts/Originais/GBA/CyberbestaFalzar/8A7630.tpl,1637
Scripts/Originais/GBA/CyberbestaGregar/8D7FB0.tpl,Scripts/Originais/GBA/CyberbestaFalzar/90A78C.tpl,3666
Scripts/Originais/GBA/CyberbestaGregar/8D8434.tpl,Scripts/Originais/GBA/CyberbestaFalzar/8A7BF8.tpl,416
Scripts/Originais/GBA/CyberbestaGregar/8D9408.tpl,Scripts/Originais/GBA/CyberbestaFalzar/8A8758.tpl,1846
Scripts/Originais/GBA/CyberbestaGregar/8D964C.tpl,Scripts/Originais/GBA/CyberbestaFalzar/8A899C.tpl,3598
Scripts/Originais/GBA/CyberbestaGregar/8D9A28.tpl,Scripts/Originais/GBA/CyberbestaFalzar/90B7BC.tpl,3839
Scripts/Originais/GBA/CyberbestaGregar/8D9E24.tpl,Scripts/Originais/GBA/CyberbestaFalzar/8A91B4.tpl,5408
Scripts/Originais/GBA/CyberbestaGregar/8DA2EC.tpl,Scripts/Originais/GBA/CyberbestaFalzar/8A96C4.tpl,7906
Scripts/Originais/GBA/CyberbestaGregar/8DA888.tpl,Scripts/Originais/GBA/CyberbestaFalzar/8A9C60.tpl,10897
Scripts/Originais/GBA/CyberbestaGregar/8DB0A0.tpl,Scripts/Originais/GBA/CyberbestaFalzar/8AA478.tpl,3364
Scripts/Originais/GBA/CyberbestaGregar/8DB3B4.tpl,Scripts/Originais/GBA/CyberbestaFalzar/8AA78C.tpl,2280
Scripts/Originais/GBA/CyberbestaGregar/8DB5C8.tpl,Scripts/Originais/GBA/CyberbestaFalzar/8AA9A0.tpl,981
Scripts/Originais/GBA/CyberbestaGregar/8DB69C.tpl,Scripts/Originais/GBA/CyberbestaFalzar/8AAA74.tpl,845
Scripts/Originais/GBA/CyberbestaGregar/8DB7C0.tpl,Scripts/Originais/GBA/CyberbestaFalzar/8AAB98.tpl,1091
Scripts/Originais/GBA/CyberbestaGregar/8DB910.tpl,Scripts/Originais/GBA/CyberbestaFalzar/8AACE8.tpl,643
Scripts/Originais/GBA/CyberbestaGregar/8DB9D8.tpl,Scripts/Originais/GBA/CyberbestaFalzar/8AADB0.tpl,1523
Scripts/Originais/GBA/CyberbestaGregar/8DBBC8.tpl,Scripts/Originais/GBA/CyberbestaFalzar/8AAFA0.tpl,899
Scripts/Originais/GBA/CyberbestaGregar/8DBC84.tpl,Scripts/Originais/GBA/CyberbestaFalzar/8AB05C.tpl,896
Scripts/Originais/GBA/CyberbestaGregar/8DBD40.tpl,Scripts/Originais/GBA/CyberbestaFalzar/8AB118.tpl,894
Scripts/Originais/GBA/CyberbestaGregar/8DBDF4.tpl,Scripts/Originais/GBA/CyberbestaFalzar/8AB1CC.tpl,894
Scripts/Originais/GBA/CyberbestaGregar/8DBEAC.tpl,Scripts/Originais/GBA/CyberbestaFalzar/8AB284.tpl,1802
Scripts/Originais/GBA/CyberbestaGregar/8DBFF8.tpl,Scripts/Originais/GBA/CyberbestaFalzar/8AB3D0.tpl,4295
Scripts/Originais/GBA/CyberbestaGregar/8DC38C.tpl,Scripts/Originais/GBA/CyberbestaFalzar/8AB764.tpl,4630
Scripts/Originais/GBA/CyberbestaGregar/8DC760.tpl,Scripts/Originais/GBA/CyberbestaFalzar/8ABB38.tpl,3400
Scripts/Originais/GBA/CyberbestaGregar/8DC9EC.tpl,Scripts/Originais/GBA/CyberbestaFalzar/8ABDC4.tpl,3415
Scripts/Originais/GBA/CyberbestaGregar/8DCDC0.tpl,Scripts/Originais/GBA/CyberbestaFalzar/8AC198.tpl,389
Scripts/Originais/GBA/CyberbestaGregar/8DCE3C.tpl,Scripts/Originais/GBA/CyberbestaFalzar/8AC214.tpl,2285
Scripts/Originais/GBA/CyberbestaGregar/8DD024.tpl,Scripts/Originais/GBA/CyberbestaFalzar/8AC3FC.tpl,505
Scripts/Originais/GBA/CyberbestaGregar/8DD0A0.tpl,Scripts/Originais/GBA/CyberbestaFalzar/8AC478.tpl,8902
Scripts/Originais/GBA/CyberbestaGregar/8DE6DC.tpl,Scripts/Originais/GBA/CyberbestaFalzar/8AD2BC.tpl,12157
Scripts/Originais/GBA/CyberbestaGregar/8DF190.tpl,Scripts/Originais/GBA/CyberbestaFalzar/8ADD70.tpl,3312
Scripts/Originais/GBA/CyberbestaGregar/8DF4DC.tpl,Scripts/Originais/GBA/CyberbestaFalzar/8AE0BC.tpl,4956
Scripts/Originais/GBA/CyberbestaGregar/8DFA0C.tpl,Scripts/Originais/GBA/CyberbestaFalzar/8AE5EC.tpl,12267
Scripts/Originais/GBA/CyberbestaGregar/8E0344.tpl,Scripts/Originais/GBA/CyberbestaFalzar/8AEF24.tpl,4427
Scripts/Originais/GBA/CyberbestaGregar/8E076C.tpl,Scripts/Originais/GBA/CyberbestaFalzar/8AF34C.tpl,2958
Scripts/Originais/GBA/CyberbestaGregar/8E0A70.tpl,Scripts/Originais/GBA/CyberbestaFalzar/8AF650.tpl,5983
Scripts/Originais/GBA/CyberbestaGregar/8E0F7C.tpl,Scripts/Originais/GBA/CyberbestaFalzar/8AFB5C.tpl,3559
Scripts/Originais/GBA/CyberbestaGregar/8E1318.tpl,Scripts/Originais/GBA/CyberbestaFalzar/8AFEF8.tpl,2314
Scripts/Originais/GBA/CyberbestaGregar/8E15C8.tpl,Scripts/Originais/GBA/CyberbestaFalzar/8B01A8.tpl,9205
Scripts/Originais/GBA/CyberbestaGregar/8E1D48.tpl,Scripts/Originais/GBA/CyberbestaFalzar/8B0928.tpl,3343
Scripts/Originais/GBA/CyberbestaGregar/8E209C.tpl,Scripts/Originais/GBA/CyberbestaFalzar/8B0C7C.tpl,6290
Scripts/Originais/GBA/CyberbestaGregar/8E25DC.tpl,Scripts/Originais/GBA/CyberbestaFalzar/8B11BC.tpl,1790
Scripts/Originais/GBA/CyberbestaGregar/8E2800.tpl,Scripts/Originais/GBA/CyberbestaFalzar/8B13E0.tpl,5970
Scripts/Originais/GBA/CyberbestaGregar/8E2E0C.tpl,Scripts/Originais/GBA/CyberbestaFalzar/8B19EC.tpl,3728
Scripts/Originais/GBA/CyberbestaGregar/8E315C.tpl,Scripts/Originais/GBA/CyberbestaFalzar/8B1D3C.tpl,14395
Scripts/Originais/GBA/CyberbestaGregar/8E3A74.tpl,Scripts/Originais/GBA/CyberbestaFalzar/8B2654.tpl,5248
Scripts/Originais/GBA/CyberbestaGregar/8E3F10.tpl,Scripts/Originais/GBA/CyberbestaFalzar/8FD26C.tpl,25181
Scripts/Originais/GBA/CyberbestaGregar/8E9318.tpl,Scripts/Originais/GBA/CyberbestaFalzar/8B5EE0.tpl,6091
Scripts/Originais/GBA/CyberbestaGregar/8E983C.tpl,Scripts/Originais/GBA/CyberbestaFalzar/8B6404.tpl,4782
Scripts/Originais/GBA/CyberbestaGregar/8EA560.tpl,Scripts/Originais/GBA/CyberbestaFalzar/8B7118.tpl,5961
Scripts/Originais/GBA/CyberbestaGregar/8EB3E8.tpl,Scripts/Originais/GBA/CyberbestaFalzar/8B80CC.tpl,1322
Scripts/Originais/GBA/CyberbestaGregar/8EB5AC.tpl,Scripts/Originais/GBA/CyberbestaFalzar/8B8290.tpl,16475
Scripts/Originais/GBA/CyberbestaGregar/8EC214.tpl,Scripts/Originais/GBA/CyberbestaFalzar/8B8EF8.tpl,14862
Scripts/Originais/GBA/CyberbestaGregar/8ECF3C.tpl,Scripts/Originais/GBA/CyberbestaFalzar/8B9C20.tpl,5883
Scripts/Originais/GBA/CyberbestaGregar/8ED41C.tpl,Scripts/Originais/GBA/CyberbestaFalzar/8BA100.tpl,4976
Scripts/Originais/GBA/CyberbestaGregar/8ED8B8.tpl,Scripts/Originais/GBA/CyberbestaFalzar/8BA59C.tpl,5079
Scripts/Originais/GBA/CyberbestaGregar/8EDDB0.tpl,Scripts/Originais/GBA/CyberbestaFalzar/8BAA94.tpl,2649
Scripts/Originais/GBA/CyberbestaGregar/8EE064.tpl,Scripts/Originais/GBA/CyberbestaFalzar/8BAD48.tpl,795
Scripts/Originais/GBA/CyberbestaGregar/8EE130.tpl,Scripts/Originais/GBA/CyberbestaFalzar/8BAE14.tpl,2157
Scripts/Originais/GBA/CyberbestaGregar/8EE350.tpl,Scripts/Originais/GBA/CyberbestaFalzar/8BB034.tpl,5763
Scripts/Originais/GBA/CyberbestaGregar/8EE828.tpl,Scripts/Originais/GBA/CyberbestaFalzar/8BB50C.tpl,5625
Scripts/Originais/GBA/CyberbestaGregar/8EED2C.tpl,Scripts/Originais/GBA/CyberbestaFalzar/8BBA10.tpl,3777
Scripts/Originais/GBA/CyberbestaGregar/8EF0B4.tpl,Scripts/Originais/GBA/CyberbestaFalzar/8BBD98.tpl,9898
Scripts/Originais/GBA/CyberbestaGregar/8EF814.tpl,Scripts/Originais/GBA/CyberbestaFalzar/8BC4F8.tpl,249
Scripts/Originais/GBA/CyberbestaGregar/8EF848.tpl,Scripts/Originais/GBA/CyberbestaFalzar/8BC52C.tpl,294
Scripts/Originais/GBA/CyberbestaGregar/8EF8BC.tpl,Scripts/Originais/GBA/CyberbestaFalzar/8BC5A0.tpl,6814
Scripts/Originais/GBA/CyberbestaGregar/8EFE48.tpl,Scripts/Originais/GBA/CyberbestaFalzar/8BCB2C.tpl,1136
Scripts/Originais/GBA/CyberbestaGregar/8EFF54.tpl,Scripts/Originais/GBA/CyberbestaFalzar/8BCC38.tpl,1392
Scripts/Originais/GBA/CyberbestaGregar/8F0084.tpl,Scripts/Originais/GBA/CyberbestaFalzar/8BCD68.tpl,1376
Scripts/Originais/GBA/CyberbestaGregar/8F01BC.tpl,Scripts/Originais/GBA/CyberbestaFalzar/8BCEA0.tpl,3386
Scripts/Originais/GBA/CyberbestaGregar/8F0474.tpl,Scripts/Originais/GBA/CyberbestaFalzar/8BD158.tpl,279
Scripts/Originais/GBA/CyberbestaGregar/8F04B8.tpl,Scripts/Originais/GBA/CyberbestaFalzar/8BD19C.tpl,732
Scripts/Originais/GBA/CyberbestaGregar/8F0548.tpl,Scripts/Originais/GBA/CyberbestaFalzar/8BD22C.tpl,2515
Scripts/Originais/GBA/CyberbestaGregar/8F0788.tpl,Scripts/Originais/GBA/CyberbestaFalzar/8BD46C.tpl,1142
Scripts/Originais/GBA/CyberbestaGregar/8F08CC.tpl,Scripts/Originais/GBA/CyberbestaFalzar/8BD5B0.tpl,545
Scripts/Originais/GBA/CyberbestaGregar/8F094C.tpl,Scripts/Originais/GBA/CyberbestaFalzar/8BD630.tpl,345
Scripts/Originais/GBA/CyberbestaGregar/8F09AC.tpl,Scripts/Originais/GBA/CyberbestaFalzar/8BD690.tpl,4768
Scripts/Originais/GBA/CyberbestaGregar/8F0DB0.tpl,Scripts/Originais/GBA/CyberbestaFalzar/8BDA94.tpl,928
Scripts/Originais/GBA/CyberbestaGregar/8F0EA8.tpl,Scripts/Originais/GBA/CyberbestaFalzar/8BDB8C.tpl,545
Scripts/Originais/GBA/CyberbestaGregar/8F0F28.tpl,Scripts/Originais/GBA/CyberbestaFalzar/8BDC0C.tpl,429
Scripts/Originais/GBA/CyberbestaGregar/8F0F90.tpl,Scripts/Originais/GBA/CyberbestaFalzar/8BDC74.tpl,2642
Scripts/Originais/GBA/CyberbestaGregar/8F1234.tpl,Scripts/Originais/GBA/CyberbestaFalzar/8BDF18.tpl,964
Scripts/Originais/GBA/CyberbestaGregar/8F1314.tpl,Scripts/Originais/GBA/CyberbestaFalzar/8BDFF8.tpl,754
Scripts/Originais/GBA/CyberbestaGregar/8F13BC.tpl,Scripts/Originais/GBA/CyberbestaFalzar/8BE0A0.tpl,16335
Scripts/Originais/GBA/CyberbestaGregar/8F40AC.tpl,Scripts/Originais/GBA/CyberbestaFalzar/8C0004.tpl,2434
Scripts/Originais/GBA/CyberbestaGregar/8F42E8.tpl,Scripts/Originais/GBA/CyberbestaFalzar/8C0240.tpl,3205
Scripts/Originais/GBA/CyberbestaGregar/8F4510.tpl,Scripts/Originais/GBA/CyberbestaFalzar/8C0468.tpl,11519
Scripts/Originais/GBA/CyberbestaGregar/8F4C30.tpl,Scripts/Originais/GBA/CyberbestaFalzar/8C0B88.tpl,7616
Scripts/Originais/GBA/CyberbestaGregar/8F5250.tpl,Scripts/Originais/GBA/CyberbestaFalzar/8C11A8.tpl,10541
Scripts/Originais/GBA/CyberbestaGregar/8F5C74.tpl,Scripts/Originais/GBA/CyberbestaFalzar/90AC10.tpl,14528
Scripts/Originais/GBA/CyberbestaGregar/8F6820.tpl,Scripts/Originais/GBA/CyberbestaFalzar/8C2778.tpl,6527
Scripts/Originais/GBA/CyberbestaGregar/8F6F24.tpl,Scripts/Originais/GBA/CyberbestaFalzar/8C2E7C.tpl,457
Scripts/Originais/GBA/CyberbestaGregar/8F6FE4.tpl,Scripts/Originais/GBA/CyberbestaFalzar/8C2F3C.tpl,241
Scripts/Originais/GBA/CyberbestaGregar/8F7030.tpl,Scripts/Originais/GBA/CyberbestaFalzar/8C2F88.tpl,241
Scripts/Originais/GBA/CyberbestaGregar/8F7070.tpl,Scripts/Originais/GBA/CyberbestaFalzar/8C2FC8.tpl,231
Scripts/Originais/GBA/CyberbestaGregar/8F70B0.tpl,Scripts/Originais/GBA/CyberbestaFalzar/8C34B8.tpl,11255
Scripts/Originais/GBA/CyberbestaGregar/8F7B64.tpl,Scripts/Originais/GBA/CyberbestaFalzar/8C3F6C.tpl,5285
Scripts/Originais/GBA/CyberbestaGregar/8F7E40.tpl,Scripts/Originais/GBA/CyberbestaFalzar/8C4248.tpl,10403
Scripts/Originais/GBA/CyberbestaGregar/8F84B0.tpl,Scripts/Originais/GBA/CyberbestaFalzar/8C48B8.tpl,6853
Scripts/Originais/GBA/CyberbestaGregar/8F9018.tpl,Scripts/Originais/GBA/CyberbestaFalzar/8C5424.tpl,4643
Scripts/Originais/GBA/CyberbestaGregar/8F9458.tpl,Scripts/Originais/GBA/CyberbestaFalzar/8C5864.tpl,909
Scripts/Originais/GBA/CyberbestaGregar/8F9528.tpl,Scripts/Originais/GBA/CyberbestaFalzar/8C5C80.tpl,2181
Scripts/Originais/GBA/CyberbestaGregar/8F9740.tpl,Scripts/Originais/GBA/CyberbestaFalzar/8C679C.tpl,5069
Scripts/Originais/GBA/CyberbestaGregar/8F9B8C.tpl,Scripts/Originais/GBA/CyberbestaFalzar/8C6C4C.tpl,836
Scripts/Originais/GBA/CyberbestaGregar/8F9C74.tpl,Scripts/Originais/GBA/CyberbestaFalzar/8C6D60.tpl,4425
Scripts/Originais/GBA/CyberbestaGregar/8FA040.tpl,Scripts/Originais/GBA/CyberbestaFalzar/8C7184.tpl,3290
Scripts/Originais/GBA/CyberbestaGregar/8a2864.tpl,Scripts/Originais/GBA/CyberbestaFalzar/8c75bc.tpl,787